>PMS2,7.407007227515475
TP53,MYC,any
PMS2,TP53,any
MYC,TAF4B,any
>PMS2,7.534195890550455
TP53,PMS2,any
CTBP1,RB1,any
RB1,TP53,any
>PMS2,7.522442862253899
PMS2,TP53,any
TP53,MCL1,any
TP53,RB1,any
>PMS2,7.848102588320964
TP53,PMS2,any
RB1,CCNE1,any
RB1,TP53,any
>PMS2,7.575719078902068
PMS2,TP53,any
TP53,RNF144B,any
TP53,RB1,any
>SP1,7.154735591177326
SP1,TP53,any
MYC,SP1,any
SMARCA2,MYC,any
>SP1,6.866906541162146
MYC,TP53,any
TBP,MYC,any
TBP,SP1,any
>SP1,7.240068807671685
MYC,TP53,any
TAF4B,MYC,any
MYC,SP1,any
>SP1,7.011083612876279
SP1,TP53,any
NDRG2,MYC,any
MYC,SP1,any
>SP1,6.9289917920873
MYC,TP53,any
MYC,SP1,any
ID2,MYC,any
>CDKN1A,7.147642729002471
CDKN1A,TP53,any
RB1,MYC,any
TP53,RB1,any
>CDKN1A,7.195211431382387
CDKN1A,TP53,any
MYC,BCAT1,any
CDKN1A,MYC,any
>CDKN1A,7.240068807671685
MYC,TP53,any
TP53,CDKN1A,any
TAF4B,MYC,any
>CDKN1A,7.183625613610385
CDKN1A,TP53,any
MYC,TERT,any
CDKN1A,MYC,any
>CDKN1A,7.29972820888781
RB1,CDKN1A,any
RB1,CCNE1,any
RB1,TP53,any
>DKK1,7.147642729002471
DKK1,TP53,any
DKK1,MYC,any
TP53,RB1,any
>DKK1,7.195211431382387
DKK1,TP53,any
DKK1,MYC,any
MYC,BCAT1,any
>DKK1,7.154735591177326
DKK1,TP53,any
DKK1,MYC,any
MYC,SMARCA2,any
>DKK1,7.113167560811765
DKK1,TP53,any
DKK1,MYC,any
TP53,MCL1,any
>DKK1,7.160833458055891
DKK1,TP53,any
TP53,RNF144B,any
DKK1,MYC,any
>SMYD2,7.417808263249527
TP53,MYC,any
MYC,CTBP1,any
SMYD2,TP53,any
>SMYD2,7.830869693486445
RB1,CCNE1,any
SMYD2,TP53,any
TP53,RB1,any
>SMYD2,7.419674075167022
TP53,BCL2L1,any
TP53,SMYD2,any
TP53,RB1,any
>SMYD2,7.496784383492204
TP53,MYC,any
SMYD2,TP53,any
MYC,SMARCA2,any
>SMYD2,7.526905503732477
TP53,MYC,any
RNF144B,TP53,any
TP53,SMYD2,any
>ZNF274,7.104721352687598
TP53,MYC,any
ZNF274,TP53,any
MYC,AKT1,any
>ZNF274,7.429100482183309
TP53,ZNF274,any
MYC,RB1,any
RB1,TP53,any
>ZNF274,7.200540176703729
TP53,MYC,any
ZNF274,TP53,any
ADAM17,ZNF274,any
>ZNF274,7.30623766672351
TP53,BCL2L1,any
TP53,MYC,any
ZNF274,TP53,any
>ZNF274,7.249190820472143
TP53,BCL2L1,any
ZNF274,TP53,any
TP53,RB1,any
>PLK3,7.2888632537592635
ARSA,TRIP13,any
TRIP13,PLK3,any
PLK3,TP53,any
>PLK3,7.29972820888781
CCNE1,PLK3,any
CCNE1,RB1,any
PLK3,TP53,any
>PLK3,7.163825470292665
TRIP13,PLK3,any
PLK3,CCNE1,any
PLK3,TP53,any
>PLK3,7.348942033718183
TP53,MYC,any
CCNE1,PLK3,any
PLK3,TP53,any
>PLK3,7.287632728002457
RNF144B,TP53,any
PLK3,CCNE1,any
TP53,PLK3,any
>ATF2,7.158343311273429
ATF2,RB1,any
RB1,TP53,any
MAPK12,ATF2,any
>ATF2,7.396409209725942
TP53,MYC,any
ATF2,RB1,any
RB1,TP53,any
>ATF2,7.219837231768276
RNF144B,TP53,any
RB1,ATF2,any
TP53,RB1,any
>ATF2,7.546259998220778
ATF2,RB1,any
RB1,CCNE1,any
RB1,TP53,any
>ATF2,7.30124210404712
RB1,MYC,any
RB1,ATF2,any
CCNE1,RB1,any
>UBE3A,7.177013755106017
SCAMP1,TP53,any
UBE3A,TERT,any
SCAMP1,UBE3A,any
>UBE3A,7.197141035743101
TP53,MYC,any
SCAMP1,TP53,any
SCAMP1,UBE3A,any
>UBE3A,7.0671307520734965
MYC,TP53,any
EIF4G1,MYC,any
EIF4G1,UBE3A,any
>UBE3A,7.4711623343911056
MYC,TP53,any
TERT,MYC,any
UBE3A,TERT,any
>UBE3A,7.168372463453281
TP53,RNF144B,any
SCAMP1,TP53,any
UBE3A,SCAMP1,any
>TRRAP,7.176247094109781
TRRAP,TERT,any
TRRAP,TP53,any
TERT,MYC,any
>TRRAP,7.2880360000686935
RB1,MYC,any
RB1,CCNE1,any
MYC,TRRAP,any
>TRRAP,7.186497514664487
TRRAP,TP53,any
MYC,BCAT1,any
TRRAP,MYC,any
>TRRAP,7.139000512059256
TRRAP,TP53,any
MYC,RB1,any
TRRAP,MYC,any
>TRRAP,7.146131064055581
TP53,MYC,any
TRRAP,TP53,any
MYC,SMARCA2,any
>PIK3R1,7.368072605776208
PTEN,TP53,any
PIK3R1,PTEN,any
BRD4,PIK3R1,any
>PIK3R1,7.48003553701874
BCL2L1,TP53,any
PIK3R1,BCL2L1,any
BRD4,PIK3R1,any
>PIK3R1,7.14238877814569
PTEN,TP53,any
PTEN,PIK3R1,any
PIK3R1,SHANK3,any
>PIK3R1,7.239376316568089
BCL2L1,TP53,any
PIK3R1,BCL2L1,any
MAPK11,PIK3R1,any
>PIK3R1,7.401386501068722
BCL2L1,TP53,any
TP53,MYC,any
PIK3R1,BCL2L1,any
>SIK1,7.1715830281054425
STK11,MYC,any
SIK1,TP53,any
SIK1,STK11,any
>SIK1,7.393941089296438
TP53,MYC,any
SIK1,TP53,any
TP53,RB1,any
>SIK1,7.25743180420745
MYC,TP53,any
NDRG2,MYC,any
TP53,SIK1,any
>SIK1,7.219837231768276
RNF144B,TP53,any
TP53,SIK1,any
TP53,RB1,any
>SIK1,7.429937960681446
TP53,MYC,any
SIK1,TP53,any
MYC,TERT,any
>MYB,7.059185375595358
MYC,TP53,any
MYB,MYC,any
YEATS4,MYB,any
>MYB,7.147642729002471
MYC,TP53,any
MYC,MYB,any
MYC,RB1,any
>MYB,7.195211431382387
MYC,TP53,any
MYC,MYB,any
MYC,BCAT1,any
>MYB,7.065185912501309
MYC,TP53,any
MYC,MYB,any
CTBP1,MYC,any
>MYB,7.154735591177326
MYC,TP53,any
MYC,MYB,any
SMARCA2,MYC,any
>LIF,7.551867759101393
TP53,MYC,any
MYC,TERT,any
LIF,TP53,any
>LIF,7.510099017788199
RB1,MYC,any
LIF,TP53,any
TP53,RB1,any
>LIF,7.601293540205927
MYC,TP53,any
TAF4B,MYC,any
TP53,LIF,any
>LIF,7.579189795258106
RNF144B,TP53,any
TP53,LIF,any
TP53,RB1,any
>LIF,7.528771834490577
TP53,MYC,any
RNF144B,TP53,any
TP53,LIF,any
>TRAF2,6.7602643732197265
TNFRSF10A,TRAF2,any
TP53,RB1,any
TNFRSF10A,TP53,any
>TRAF2,7.036544474407186
TNFRSF10A,TRAF2,any
TP53,MYC,any
TNFRSF10A,TP53,any
>TRAF2,6.789579068447652
TNFRSF10A,TRAF2,any
TP53,RNF144B,any
TNFRSF10A,TP53,any
>TRAF2,6.787762090319908
TP53,MYC,any
MAP4K4,TP53,any
MAP4K4,TRAF2,any
>TRAF2,6.823266013970906
TNFRSF10A,TRAF2,any
TP53,MCL1,any
TNFRSF10A,TP53,any
>SCAMP1,7.197141035743101
TP53,MYC,any
SCAMP1,TP53,any
SCAMP1,UBE3A,any
>SCAMP1,7.201016896213799
TP53,RNF144B,any
SCAMP1,TP53,any
TP53,SCN3B,any
>SCAMP1,7.3092739455874804
RB1,MYC,any
SCAMP1,TP53,any
TP53,RB1,any
>SCAMP1,7.263967265692824
TP53,MYC,any
SCAMP1,TP53,any
MYC,MTA1,any
>SCAMP1,7.184280427281514
MCL1,AKT1,any
SCAMP1,TP53,any
TP53,MCL1,any
>BCAT1,8.130963771577797
MYC,RB1,any
RB1,CCNE1,any
BCAT1,MYC,any
>BCAT1,7.80876900500928
MYC,RB1,any
RB1,TP53,any
BCAT1,MYC,any
>BCAT1,7.846735066195235
MYC,TP53,any
TAF4B,MYC,any
MYC,BCAT1,any
>BCAT1,7.752405354196904
MYC,TP53,any
TERT,MYC,any
MYC,BCAT1,any
>BCAT1,7.686427790919404
MYC,TP53,any
MYC,STK11,any
BCAT1,MYC,any
>PRMT1,7.147642729002471
PRMT1,TP53,any
RB1,MYC,any
TP53,RB1,any
>PRMT1,7.29972820888781
TP53,PRMT1,any
RB1,CCNE1,any
RB1,TP53,any
>PRMT1,7.006116038356008
TP53,MYC,any
PRMT8,PRMT1,any
PRMT1,TP53,any
>PRMT1,7.065185912501309
TP53,MYC,any
MYC,CTBP1,any
PRMT1,TP53,any
>PRMT1,6.9981084778242835
PRMT1,TP53,any
TP53,RB1,any
IDH3B,PRMT1,any
>ZHX1,7.105776153038026
TP53,MYC,any
TP53,ZHX1,any
MCL1,TP53,any
>ZHX1,7.026833995222563
ZHX1,TP53,any
CSNK2A1,ZHX1,any
TP53,RB1,any
>ZHX1,7.140236199209742
TP53,MYC,any
ZHX1,TP53,any
TP53,RB1,any
>ZHX1,7.153431258308073
TP53,MYC,any
ZHX1,TP53,any
TP53,RNF144B,any
>ZHX1,7.292789114557823
ZHX1,TP53,any
RB1,CCNE1,any
TP53,RB1,any
>NLRC4,7.3927064875104165
NLRC4,TP53,any
TP53,MYC,any
MYC,RB1,any
>NLRC4,7.406517085710072
TP53,NLRC4,any
TP53,MYC,any
RNF144B,TP53,any
>NLRC4,7.272318440789981
TP53,NLRC4,any
TP53,MYC,any
SFN,TP53,any
>NLRC4,7.269884907556948
TP53,BCL2L1,any
NLRC4,TP53,any
TP53,MYC,any
>NLRC4,7.542789114557823
NLRC4,TP53,any
RB1,CCNE1,any
TP53,RB1,any
>APC,6.924726717858381
APC,TP53,any
APC,MACF1,any
CTBP1,APC,any
>APC,6.971520458611935
TP53,APC,any
MYC,TP53,any
MTA1,MYC,any
>APC,7.045690128466985
APC,TP53,any
CTBP1,MYC,any
APC,CTBP1,any
>APC,7.130340536211008
APC,TP53,any
RB1,MYC,any
TP53,RB1,any
>APC,7.270162786700902
APC,TP53,any
RB1,CCNE1,any
TP53,RB1,any
>TAF4B,7.654733545971235
TP53,MYC,any
MYC,TAF4B,any
MYC,ID2,any
>TAF4B,7.846735066195235
MYC,TP53,any
TAF4B,MYC,any
MYC,BCAT1,any
>TAF4B,7.8555844623488635
MYC,TP53,any
TAF4B,MYC,any
MYC,SMARCA2,any
>TAF4B,7.691004984625055
MYC,TP53,any
TAF4B,MYC,any
MYC,AKT1,any
>TAF4B,7.846578397173815
MYC,TP53,any
TAF4B,MYC,any
MYC,RB1,any
>RCHY1,7.147642729002471
TP53,MYC,any
RCHY1,TP53,any
TP53,RB1,any
>RCHY1,7.195211431382387
MYC,TP53,any
TP53,RCHY1,any
BCAT1,MYC,any
>RCHY1,7.057651405497865
TP53,MYC,any
RCHY1,TP53,any
RCHY1,GFI1B,any
>RCHY1,7.107008952221482
TP53,MYC,any
RCHY1,ADAMTSL4,any
RCHY1,TP53,any
>RCHY1,7.085504021695078
RCHY1,ADAMTSL4,any
ADAMTSL4,TCEA2,any
RCHY1,TP53,any
>ERBB2,7.303011473817756
MYC,TP53,any
MYC,ERBB2,any
CTBP1,MYC,any
>ERBB2,7.036307182890393
TP53,MYC,any
MYC,ERBB2,any
LIF,TP53,any
>ERBB2,7.385909707876582
MYC,TP53,any
ERBB2,MYC,any
TP53,RB1,any
>ERBB2,7.421937010191823
MYC,TP53,any
ERBB2,MYC,any
MYC,TERT,any
>ERBB2,7.477852580003454
MYC,TP53,any
MYC,ERBB2,any
TAF4B,MYC,any
>MTA1,7.6486409352016045
MYC,RB1,any
MTA1,MYC,any
RB1,TP53,any
>MTA1,7.274500356391194
TRIM28,TP53,any
MYC,MTA1,any
TRIM28,MYC,any
>MTA1,7.237399291069285
MYC,TP53,any
MTA1,MYC,any
MYC,DNTT,any
>MTA1,7.263967265692824
TP53,MYC,any
SCAMP1,TP53,any
MYC,MTA1,any
>MTA1,7.582837608975592
TP53,BCL2L1,any
MYC,TP53,any
MTA1,MYC,any
>NGFR,7.407133980523599
TP53,MYC,any
TP53,RNF144B,any
NGFR,TP53,any
>NGFR,7.059857076355362
TP53,MYC,any
SCAMP1,TP53,any
TP53,NGFR,any
>NGFR,7.359473472181016
TP53,MYC,any
NGFR,TP53,any
TP53,MCL1,any
>NGFR,7.393941089296438
RB1,MYC,any
NGFR,TP53,any
TP53,RB1,any
>NGFR,7.486407612641503
TP53,MYC,any
MYC,TAF4B,any
NGFR,TP53,any
>COPS5,7.000339376171329
COPS5,TP53,any
ATRN,COPS5,any
TP53,RB1,any
>COPS5,7.10456122317216
TP53,MYC,any
COPS5,TP53,any
WNK1,COPS5,any
>COPS5,6.890861092843916
TP53,RNF144B,any
COPS5,TP53,any
ATRN,COPS5,any
>COPS5,7.019477747978527
RNF144B,TP53,any
TP53,COPS5,any
TP53,MCL1,any
>COPS5,6.918014767067618
COPS5,TP53,any
ATRN,COPS5,any
TP53,MCL1,any
>XRCC6,7.1707864602082205
MYC,TP53,any
TERT,XRCC6,any
TERT,MYC,any
>XRCC6,7.206555035486166
ZNF512B,HEYL,any
XRCC6,TP53,any
ZNF512B,XRCC6,any
>XRCC6,7.359949217423864
TERT,XRCC6,any
XRCC6,TP53,any
XRCC6,ZNF512B,any
>XRCC6,7.06859712038681
XRCC6,TERT,any
TP53,XRCC6,any
COL18A1,TP53,any
>XRCC6,7.153294236428166
TP53,MYC,any
TP53,RNF144B,any
XRCC6,TP53,any
>FOXA1,6.830706810765732
FOXA1,TP53,any
SHH,FOXA1,any
TP53,MCL1,any
>FOXA1,7.160833458055891
TP53,FOXA1,any
TP53,MYC,any
RNF144B,TP53,any
>FOXA1,6.766395679068994
TP53,MYC,any
COL18A1,FOXA1,any
COL18A1,TP53,any
>FOXA1,6.855111903562767
COL18A1,FOXA1,any
TP53,RNF144B,any
COL18A1,TP53,any
>FOXA1,6.798447123098156
TP53,FOXA1,any
TP53,MYC,any
LIF,TP53,any
>MLH1,6.927326817390217
MLH1,TP53,any
TP53,RB1,any
FASTKD5,MLH1,any
>MLH1,6.912034203711689
ODC1,MYC,any
MYC,TP53,any
TP53,MLH1,any
>MLH1,7.153431258308073
TP53,MYC,any
RNF144B,TP53,any
TP53,MLH1,any
>MLH1,7.140236199209742
MLH1,TP53,any
RB1,MYC,any
TP53,RB1,any
>MLH1,6.930682396353902
MLH1,TP53,any
TP53,RB1,any
UBOX5,MLH1,any
>RAC1,6.971860027397761
MYC,RAC1,any
SMARCA2,RB1,any
SMARCA2,MYC,any
>RAC1,7.073217011878159
MYC,TP53,any
RAC1,MYC,any
MYC,RB1,any
>RAC1,7.099648273587808
TP53,MYC,any
MYC,RAC1,any
RNF144B,TP53,any
>RAC1,7.043604881039
TP53,MYC,any
MYC,RAC1,any
MCL1,TP53,any
>RAC1,7.119995320108289
MYC,TP53,any
MYC,RAC1,any
BCAT1,MYC,any
>CREB3,6.73520098972612
BCL2L1,TP53,any
MFSD7,CREB3,any
CREB3,BCL2L1,any
>CREB3,7.024782634196793
BCL2L1,TP53,any
TP53,MYC,any
BCL2L1,CREB3,any
>CREB3,6.92053910339932
BCL2L1,TP53,any
CREB3,ZDHHC11,any
CREB3,BCL2L1,any
>CREB3,6.82273182699245
BCL2L1,TP53,any
CREB3,BCL2L1,any
TP53,RB1,any
>CREB3,6.734594400569813
TP53,BCL2L1,any
RNF144B,TP53,any
BCL2L1,CREB3,any
>PPP1CA,6.963382818702517
HEYL,ZNF512B,any
PPP1CA,TP53,any
HEYL,PPP1CA,any
>PPP1CA,6.829576826135777
TP53,RNF144B,any
PPP1CA,TP53,any
NOM1,PPP1CA,any
>PPP1CA,6.88733929465258
PPP1CA,TP53,any
TP53,MCL1,any
NOM1,PPP1CA,any
>PPP1CA,6.913995972342724
TP53,MYC,any
PPP1CA,TP53,any
NOM1,PPP1CA,any
>PPP1CA,6.970593319113091
PPP1CA,TP53,any
TP53,MCL1,any
HEYL,PPP1CA,any
>AKT1,7.657200312213691
MCL1,AKT1,any
AKT1,TERT,any
MCL1,TP53,any
>AKT1,7.681997339897771
MCL1,AKT1,any
RNF144B,TP53,any
TP53,MCL1,any
>AKT1,7.691004984625055
MYC,TP53,any
TAF4B,MYC,any
MYC,AKT1,any
>AKT1,7.656858737609608
MYC,TP53,any
AKT1,MYC,any
MYC,BCAT1,any
>AKT1,7.698809314816297
RB1,MYC,any
MYC,AKT1,any
RB1,CCNE1,any
>GADD45A,7.147642729002471
MYC,TP53,any
MYC,GADD45A,any
RB1,MYC,any
>GADD45A,7.195211431382387
MYC,TP53,any
BCAT1,MYC,any
TP53,GADD45A,any
>GADD45A,7.240068807671685
MYC,TP53,any
MYC,GADD45A,any
TAF4B,MYC,any
>GADD45A,7.109767339205142
TP53,MYC,any
NF1,GADD45A,any
GADD45A,TP53,any
>GADD45A,7.154735591177326
MYC,GADD45A,any
SMARCA2,MYC,any
GADD45A,TP53,any
>SMAD4,7.028452233706064
ID1,SMAD4,any
MYC,TP53,any
SMAD4,MYC,any
>SMAD4,7.098360934497468
MYC,TP53,any
ARFRP1,SMAD4,any
SMAD4,MYC,any
>SMAD4,7.147642729002471
SMAD4,MYC,any
MYC,RB1,any
RB1,TP53,any
>SMAD4,7.056205011515585
MYC,TP53,any
SMAD4,MYC,any
DCP1B,SMAD4,any
>SMAD4,7.065185912501309
MYC,TP53,any
CTBP1,SMAD4,any
CTBP1,MYC,any
>ESR1,7.011083612876279
MYC,TP53,any
NDRG2,MYC,any
MYC,ESR1,any
>ESR1,7.055633253753184
MYC,RB1,any
RB1,CCNE1,any
ESR1,MYC,any
>ESR1,7.147642729002471
MYC,TP53,any
TP53,RB1,any
ESR1,MYC,any
>ESR1,7.065185912501309
MYC,TP53,any
MYC,CTBP1,any
ESR1,MYC,any
>ESR1,7.024782634196793
TP53,BCL2L1,any
MYC,TP53,any
ESR1,MYC,any
>GSK3B,7.154735591177326
MYC,GSK3B,any
GSK3B,TP53,any
MYC,SMARCA2,any
>GSK3B,7.056671671993123
TSC1,GSK3B,any
GSK3B,TP53,any
GSK3B,MYC,any
>GSK3B,7.005951065327932
IGHM,GSK3B,any
GSK3B,TP53,any
GSK3B,MYC,any
>GSK3B,7.113167560811765
TP53,MYC,any
MCL1,TP53,any
TP53,GSK3B,any
>GSK3B,7.147642729002471
MYC,TP53,any
RB1,MYC,any
TP53,GSK3B,any
>BAX,7.4702872231564275
MYC,BAX,any
BAX,TP53,any
TAF4B,MYC,any
>BAX,7.38879199788546
MYC,BAX,any
RB1,MYC,any
CCNE1,RB1,any
>BAX,7.396501439093464
TP53,BAX,any
BAX,MYC,any
RNF144B,TP53,any
>BAX,7.433318046776328
BAX,MYC,any
BAX,TP53,any
MYC,BCAT1,any
>BAX,7.418683934578276
BAX,MYC,any
BAX,TP53,any
MYC,TERT,any
>KAT5,6.956885673257579
MYC,KAT5,any
AKT1,MYC,any
KAT5,TP53,any
>KAT5,6.924896908528309
KAT5,MYC,any
KAT5,TP53,any
TRIB3,KAT5,any
>KAT5,7.29972820888781
TP53,KAT5,any
CCNE1,RB1,any
RB1,TP53,any
>KAT5,7.113167560811765
TP53,MYC,any
MYC,KAT5,any
MCL1,TP53,any
>KAT5,7.183625613610385
KAT5,MYC,any
MYC,TERT,any
TP53,KAT5,any
>ABL1,7.597119777257366
RB1,ABL1,any
MYC,RB1,any
RB1,TP53,any
>ABL1,7.634372455325624
RB1,ABL1,any
ABL1,TERT,any
RB1,TP53,any
>ABL1,7.7233509053555895
ABL1,RB1,any
RB1,MYC,any
RB1,CCNE1,any
>ABL1,7.478875894867714
ABL1,RB1,any
RB1,TP53,any
ABL1,SHANK3,any
>ABL1,7.6410646823188175
MYC,TP53,any
TERT,MYC,any
TERT,ABL1,any
>CCNE1,7.96661480640654
RB1,MYC,any
CCNE1,RB1,any
RB1,TP53,any
>CCNE1,8.130963771577797
MYC,RB1,any
RB1,CCNE1,any
BCAT1,MYC,any
>CCNE1,7.909703569750849
TGFB2,RB1,any
RB1,CCNE1,any
RB1,TP53,any
>CCNE1,8.071327378683987
CTBP1,RB1,any
RB1,CCNE1,any
RB1,TP53,any
>CCNE1,7.960816745324245
CCNE1,RB1,any
RB1,SMARCA2,any
RB1,TP53,any
>SKP2,7.195211431382387
TP53,MYC,any
SKP2,TP53,any
MYC,BCAT1,any
>SKP2,7.183625613610385
SKP2,TP53,any
MYC,TERT,any
SKP2,MYC,any
>SKP2,7.29972820888781
SKP2,TP53,any
SKP2,RB1,any
RB1,CCNE1,any
>SKP2,7.160833458055891
RNF144B,TP53,any
TP53,SKP2,any
SKP2,MYC,any
>SKP2,7.240068807671685
SKP2,TP53,any
TAF4B,MYC,any
MYC,SKP2,any
>ATM,7.577509159532929
MYC,TP53,any
TAF4B,MYC,any
TP53,ATM,any
>ATM,7.343797725284872
RNF144B,TP53,any
TP53,MCL1,any
TP53,ATM,any
>ATM,7.48543447155575
TP53,MYC,any
TP53,RB1,any
ATM,TP53,any
>ATM,7.521878915600771
TP53,MYC,any
MYC,TERT,any
ATM,TP53,any
>ATM,7.377512783215596
TP53,MYC,any
TP53,RNF144B,any
ATM,TP53,any
>STK11,7.474507182399128
MYC,TP53,any
STK11,MYC,any
MYC,CTBP1,any
>STK11,7.677196970349188
MYC,TP53,any
STK11,MYC,any
MYC,TERT,any
>STK11,7.6405520625550025
STK11,MYC,any
MYC,RB1,any
RB1,TP53,any
>STK11,7.552698044587695
STK11,MYC,any
MYC,BCAT1,any
STK11,SMARCD3,any
>STK11,7.686427790919404
MYC,TP53,any
MYC,STK11,any
BCAT1,MYC,any
>CREBBP,7.5536920833638845
MYC,TP53,any
TAF4B,MYC,any
MYC,CREBBP,any
>CREBBP,7.626527097058621
MYC,RB1,any
RB1,TP53,any
CREBBP,MYC,any
>CREBBP,7.461433403288439
MYC,TP53,any
CTBP1,MYC,any
CTBP1,CREBBP,any
>CREBBP,7.25040165171751
MYC,TP53,any
PPP2R5A,MYC,any
MYC,CREBBP,any
>CREBBP,7.432038559202282
MYC,TP53,any
MYC,AKT1,any
MYC,CREBBP,any
>TP53I3,7.231162780112651
TP53I3,TP53,any
TP53,RNF144B,any
TP53I3,FUNDC2,any
>TP53I3,7.2827295220133115
MCL1,AKT1,any
TP53I3,TP53,any
TP53,MCL1,any
>TP53I3,7.552504715988953
MYC,TP53,any
TP53,TP53I3,any
TAF4B,MYC,any
>TP53I3,7.227687004337892
TP53,TP53I3,any
TP53,RNF144B,any
COL18A1,TP53,any
>TP53I3,7.218629352689429
BCL2L1,TP53,any
TP53,MYC,any
TP53,TP53I3,any
>CHD3,7.057885407944438
CTBP1,MYC,any
CHD3,TP53,any
CTBP1,CHD3,any
>CHD3,6.948961204096536
TP53,MYC,any
CHD3,TP53,any
PXDN,CHD3,any
>CHD3,6.874048515574877
CHD3,TP53,any
TP53,RB1,any
CHD3,CTBP1,any
>CHD3,6.8148146338655895
CHD3,TP53,any
PXDN,CHD3,any
TP53,MCL1,any
>CHD3,7.140236199209742
CHD3,TP53,any
RB1,MYC,any
TP53,RB1,any
>TBP,7.580836872108679
RB1,TBP,any
RB1,MYC,any
RB1,TP53,any
>TBP,7.837867058295176
RB1,MYC,any
MYC,TBP,any
CCNE1,RB1,any
>TBP,7.704824989908061
TBP,RB1,any
RB1,CCNE1,any
RB1,TP53,any
>TBP,7.517980064956888
RB1,TBP,any
TP53,RNF144B,any
RB1,TP53,any
>TBP,7.551274993114439
MYC,TP53,any
MYC,TBP,any
BCAT1,MYC,any
>MET,7.140853906975283
RB1,MYC,any
RB1,TP53,any
RB1,MET,any
>MET,7.138489665394163
TP53,MYC,any
MET,TP53,any
PAK4,MET,any
>MET,7.298311656043115
RB1,MYC,any
CCNE1,RB1,any
RB1,MET,any
>MET,7.0037274087473245
TP53,MYC,any
MET,TP53,any
GAB2,MET,any
>MET,7.290473704062368
MET,TP53,any
RB1,CCNE1,any
MET,RB1,any
>RIF1,6.778881702030887
RIF1,ATF3,any
MRPS12,RIF1,any
ATF3,TP53,any
>RIF1,7.008663904482877
TP53,MYC,any
ARL3,TP53,any
ARL3,RIF1,any
>RIF1,6.856578129231694
RIF1,PABPC4,any
ATF3,RIF1,any
ATF3,TP53,any
>RIF1,6.919792208163268
TP53,MYC,any
ZNF24,TP53,any
ZNF24,RIF1,any
>RIF1,7.163247681580287
MYC,TP53,any
RIF1,ID2,any
ID2,MYC,any
>RB1,7.96661480640654
RB1,MYC,any
CCNE1,RB1,any
RB1,TP53,any
>RB1,8.130963771577797
MYC,RB1,any
RB1,CCNE1,any
BCAT1,MYC,any
>RB1,7.909703569750849
TGFB2,RB1,any
RB1,CCNE1,any
RB1,TP53,any
>RB1,8.071327378683987
CTBP1,RB1,any
RB1,CCNE1,any
RB1,TP53,any
>RB1,7.960816745324245
CCNE1,RB1,any
RB1,SMARCA2,any
RB1,TP53,any
>JUN,7.154735591177326
JUN,TP53,any
MYC,JUN,any
MYC,SMARCA2,any
>JUN,7.147642729002471
RB1,MYC,any
RB1,TP53,any
RB1,JUN,any
>JUN,7.322804404907492
JUN,TP53,any
MACF1,JUN,any
JUN,MYC,any
>JUN,7.183625613610385
JUN,TP53,any
JUN,MYC,any
TERT,JUN,any
>JUN,7.160833458055891
TP53,MYC,any
TP53,JUN,any
RNF144B,TP53,any
>DUSP5,7.110157373852774
TP53,MYC,any
DUSP5,TP53,any
TP53,RB1,any
>DUSP5,7.145633768499272
TP53,MYC,any
MYC,STK11,any
DUSP5,TP53,any
>DUSP5,7.065190723080711
TP53,MYC,any
TP53,MCL1,any
DUSP5,TP53,any
>DUSP5,7.192742204200805
TP53,MYC,any
MYC,TAF4B,any
DUSP5,TP53,any
>DUSP5,7.410751739538015
TP53,MYC,any
MYC,TERT,any
DUSP5,TP53,any
>HIF1A,7.0924569619821165
TP53,MYC,any
MCL1,TP53,any
MCL1,HIF1A,any
>HIF1A,7.076040061911591
HIF1A,TERT,any
MCL1,TP53,any
HIF1A,MCL1,any
>HIF1A,7.154927328674795
TP53,RB1,any
HIF1A,MCL1,any
HIF1A,TP53,any
>HIF1A,7.1662186957853065
TERT,HIF1A,any
TERT,MYC,any
HIF1A,TP53,any
>HIF1A,7.126316816061319
TP53,MYC,any
RB1,TP53,any
TP53,HIF1A,any
>CCNB1,7.479143577522455
CCNB1,MYC,any
MYC,TERT,any
CCNB1,TP53,any
>CCNB1,7.45831019880319
RNF144B,TP53,any
CCNB1,MYC,any
TP53,CCNB1,any
>CCNB1,7.416883467284402
MYC,CCNB1,any
TAF4B,MYC,any
CCNB1,TP53,any
>CCNB1,7.574790924417858
MYC,CCNB1,any
RB1,MYC,any
RB1,CCNE1,any
>CCNB1,7.487539363311713
MYC,CCNB1,any
CCNB1,TP53,any
BCAT1,MYC,any
>TAF9,7.479143577522455
MYC,TP53,any
TAF9,MYC,any
TAF9,TERT,any
>TAF9,7.45831019880319
TP53,MYC,any
MYC,TAF9,any
RNF144B,TP53,any
>TAF9,7.574790924417858
TAF9,MYC,any
MYC,RB1,any
RB1,CCNE1,any
>TAF9,7.487539363311713
MYC,TP53,any
TP53,TAF9,any
BCAT1,MYC,any
>TAF9,7.657359774971189
TP53,TAF9,any
CCNE1,RB1,any
RB1,TP53,any
>CDC42,6.861796044052365
TP53,MYC,any
CDC42,TP53,any
FARP2,CDC42,any
>CDC42,6.904927328674796
CDC42,TP53,any
TP53,RB1,any
PAK4,CDC42,any
>CDC42,6.93234956633435
CDC42,TP53,any
PAK4,CDC42,any
CDC42,MAPK11,any
>CDC42,6.873761427211028
TP53,BCL2L1,any
CDC42,TP53,any
MAPK11,CDC42,any
>CDC42,7.271759954841459
TP53,MYC,any
CDC42,TP53,any
MAPK11,CDC42,any
>COL18A1,7.537786119065629
RB1,CTBP1,any
COL18A1,TP53,any
TP53,RB1,any
>COL18A1,7.34027033158923
PMS2,TP53,any
TP53,COL18A1,any
TP53,RB1,any
>COL18A1,7.484118989090525
RB1,MYC,any
COL18A1,TP53,any
TP53,RB1,any
>COL18A1,7.427510931043458
TP53,COL18A1,any
RB1,SMARCA2,any
RB1,TP53,any
>COL18A1,7.487154947442029
BCL2L1,TP53,any
TP53,COL18A1,any
TP53,RB1,any
>PTEN,7.384241207808403
PTEN,TP53,any
MCL1,AKT1,any
TP53,MCL1,any
>PTEN,7.368072605776208
PTEN,TP53,any
PIK3R1,PTEN,any
BRD4,PIK3R1,any
>PTEN,7.339691700604296
PTEN,TP53,any
TP53,RNF144B,any
TP53,SCN3B,any
>PTEN,7.253629760661657
TP53,MYC,any
PTEN,TP53,any
TP53,RB1,any
>PTEN,7.3155321781980716
BCL2L1,TP53,any
TP53,PTEN,any
PDIA4,BCL2L1,any
>SMARCA2,7.754890989102877
SMARCA2,RB1,any
RB1,TP53,any
SMARCA2,MYC,any
>SMARCA2,7.881973923713792
RB1,CCNE1,any
SMARCA2,RB1,any
SMARCA2,MYC,any
>SMARCA2,7.790661640141925
MYC,TP53,any
MYC,TERT,any
SMARCA2,MYC,any
>SMARCA2,7.8555844623488635
MYC,TP53,any
TAF4B,MYC,any
MYC,SMARCA2,any
>SMARCA2,7.960816745324245
CCNE1,RB1,any
RB1,SMARCA2,any
RB1,TP53,any
>MAX,7.1692413353487865
MAX,TP53,any
BCAT1,MYC,any
BCAT1,MAX,any
>MAX,7.162838018871917
MAX,TP53,any
TP53,RB1,any
MAX,BCAT1,any
>MAX,7.2139172007274475
TAF4B,MYC,any
MAX,TP53,any
TAF4B,MAX,any
>MAX,7.172459526460598
MAX,TP53,any
TAF4B,MAX,any
MAX,BCAT1,any
>MAX,7.168507218030795
MAX,MYC,any
MAX,TP53,any
MYC,TERT,any
>SCN3B,7.437609670778367
RB1,MYC,any
SCN3B,TP53,any
TP53,RB1,any
>SCN3B,7.339691700604296
PTEN,TP53,any
TP53,RNF144B,any
TP53,SCN3B,any
>SCN3B,7.402428739084092
TP53,MYC,any
TP53,MCL1,any
SCN3B,TP53,any
>SCN3B,7.447552145074734
TP53,MYC,any
TP53,RNF144B,any
SCN3B,TP53,any
>SCN3B,7.449979194041867
TP53,RNF144B,any
SCN3B,TP53,any
TP53,RB1,any
>NFYC,7.29972820888781
RB1,CCNE1,any
RB1,TP53,any
TP53,NFYC,any
>NFYC,7.160833458055891
TP53,RNF144B,any
NFYC,MYC,any
NFYC,TP53,any
>NFYC,7.183625613610385
TERT,MYC,any
MYC,NFYC,any
NFYC,TP53,any
>NFYC,7.195211431382387
NFYC,MYC,any
MYC,BCAT1,any
NFYC,TP53,any
>NFYC,7.240068807671685
MYC,TP53,any
TAF4B,MYC,any
MYC,NFYC,any
>TK1,7.147642729002471
RB1,MYC,any
RB1,TP53,any
MYC,TK1,any
>TK1,7.056159121410817
TK1,TP53,any
EZH2,TK1,any
TK1,MYC,any
>TK1,7.019477747978527
RNF144B,TP53,any
TP53,TK1,any
TP53,MCL1,any
>TK1,7.160833458055891
MYC,TP53,any
TP53,RNF144B,any
TP53,TK1,any
>TK1,7.011083612876279
MYC,TP53,any
NDRG2,MYC,any
TP53,TK1,any
>TP53,7.96661480640654
RB1,MYC,any
CCNE1,RB1,any
RB1,TP53,any
>TP53,7.909703569750849
TGFB2,RB1,any
RB1,CCNE1,any
RB1,TP53,any
>TP53,8.071327378683987
CTBP1,RB1,any
RB1,CCNE1,any
RB1,TP53,any
>TP53,7.882661306656231
RB1,CBX4,any
CCNE1,RB1,any
RB1,TP53,any
>TP53,7.960816745324245
CCNE1,RB1,any
RB1,SMARCA2,any
RB1,TP53,any
>CCNA2,7.29972820888781
CCNA2,TP53,any
CCNA2,CCNE1,any
CCNA2,RB1,any
>CCNA2,7.147642729002471
CCNA2,TP53,any
CCNA2,RB1,any
RB1,MYC,any
>CCNA2,7.055633253753184
RB1,CCNA2,any
RB1,MYC,any
RB1,CCNE1,any
>CCNA2,7.240068807671685
TP53,CCNA2,any
MYC,TP53,any
MYC,TAF4B,any
>CCNA2,7.348942033718183
CCNA2,TP53,any
TP53,MYC,any
CCNA2,CCNE1,any
>SMN1,6.866906541162146
MYC,TP53,any
TP53,SMN1,any
TBP,MYC,any
>SMN1,7.005951065327932
TP53,MYC,any
SMN1,TP53,any
IGHM,SMN1,any
>SMN1,6.906806007132538
SMN1,TP53,any
EZH2,SMN1,any
EZH2,MAPK8IP2,any
>SMN1,7.011083612876279
MYC,TP53,any
NDRG2,MYC,any
TP53,SMN1,any
>SMN1,6.879662908252173
SMN1,TP53,any
IGHM,CEP72,any
IGHM,SMN1,any
>PIN1,7.154735591177326
MYC,TP53,any
TP53,PIN1,any
SMARCA2,MYC,any
>PIN1,6.982764625308315
PIN1,TP53,any
CENPB,PIN1,any
PIN1,MYC,any
>PIN1,7.027148514072145
TP53,MYC,any
MYC,PIN1,any
SFN,TP53,any
>PIN1,7.011083612876279
NDRG2,MYC,any
PIN1,TP53,any
MYC,PIN1,any
>PIN1,6.981798046330402
PIN1,ADAMTSL4,any
PIN1,TP53,any
CENPB,PIN1,any
>RNF144B,7.721818323279109
TP53,MYC,any
RNF144B,TP53,any
TP53,RB1,any
>RNF144B,7.681997339897771
MCL1,AKT1,any
RNF144B,TP53,any
TP53,MCL1,any
>RNF144B,7.638418493509704
TP53,BCL2L1,any
TP53,MYC,any
RNF144B,TP53,any
>RNF144B,7.6137827142376535
TP53,MYC,any
RNF144B,TP53,any
MYC,AKT1,any
>RNF144B,7.681273372597888
RNF144B,TP53,any
RB1,CTBP1,any
TP53,RB1,any
>RCC1,7.154735591177326
MYC,TP53,any
TP53,RCC1,any
MYC,SMARCA2,any
>RCC1,7.240068807671685
RCC1,TP53,any
MYC,TAF4B,any
RCC1,MYC,any
>RCC1,7.195211431382387
RCC1,TP53,any
RCC1,MYC,any
MYC,BCAT1,any
>RCC1,7.160833458055891
TP53,RNF144B,any
RCC1,TP53,any
RCC1,MYC,any
>RCC1,7.183625613610385
RCC1,TP53,any
MYC,TERT,any
RCC1,MYC,any
>UBE2D1,6.813495453508933
TP53,MYC,any
SCAMP1,TP53,any
TP53,UBE2D1,any
>UBE2D1,6.907728563360844
TP53,MYC,any
RPS7,UBE2D1,any
UBE2D1,TP53,any
>UBE2D1,6.814152313787682
TP53,RNF144B,any
UBE2D1,TP53,any
EI24,UBE2D1,any
>UBE2D1,6.909236851927214
MYC,TP53,any
TP53,UBE2D1,any
CREBBP,MYC,any
>UBE2D1,6.956885673257579
MYC,TP53,any
AKT1,MYC,any
AKT1,UBE2D1,any
>EGFR,7.53041585265802
MYC,TP53,any
TERT,MYC,any
TERT,EGFR,any
>EGFR,7.588739906423122
MYC,TP53,any
TAF4B,MYC,any
TP53,EGFR,any
>EGFR,7.274172885822174
TP53,RNF144B,any
EGFR,TP53,any
EGFR,TERT,any
>EGFR,7.639392694053954
TP53,EGFR,any
CCNE1,RB1,any
RB1,TP53,any
>EGFR,7.4593295436313
TP53,MYC,any
EGFR,TP53,any
TP53,MCL1,any
>TRIM28,7.487049669578221
TRIM28,TP53,any
TRIM28,MYC,any
MYC,BCAT1,any
>TRIM28,7.525465714606335
TRIM28,TP53,any
MYC,TAF4B,any
TRIM28,MYC,any
>TRIM28,7.453954861722822
TP53,MYC,any
RNF144B,TP53,any
MYC,TRIM28,any
>TRIM28,7.4682311799373915
TRIM28,TP53,any
MYC,TERT,any
TRIM28,MYC,any
>TRIM28,7.7386942338559
TP53,TRIM28,any
CCNE1,RB1,any
RB1,TP53,any
>CASP1,7.022833040520566
TP53,MYC,any
CASP1,TP53,any
TP53,SMYD2,any
>CASP1,7.066564931000672
CASP1,TP53,any
RB1,SMARCA2,any
TP53,RB1,any
>CASP1,7.099458631967962
MCL1,AKT1,any
TP53,CASP1,any
MCL1,TP53,any
>CASP1,7.386203769341244
RB1,MYC,any
TP53,CASP1,any
RB1,TP53,any
>CASP1,7.351706335632506
TP53,MYC,any
TP53,CASP1,any
MCL1,TP53,any
>TERT,7.677196970349188
MYC,TP53,any
STK11,MYC,any
MYC,TERT,any
>TERT,7.657200312213691
MCL1,AKT1,any
AKT1,TERT,any
MCL1,TP53,any
>TERT,7.790661640141925
MYC,TP53,any
MYC,TERT,any
SMARCA2,MYC,any
>TERT,7.7017065160999145
MYC,TP53,any
NDRG2,MYC,any
MYC,TERT,any
>TERT,7.752405354196904
MYC,TP53,any
TERT,MYC,any
MYC,BCAT1,any
>ATF3,7.5196065885333745
TP53,MYC,any
TP53,RNF144B,any
ATF3,TP53,any
>ATF3,7.446101013746985
TP53,MYC,any
FGFR3,ATF3,any
ATF3,TP53,any
>ATF3,7.513337125898844
TP53,MCL1,any
TP53,RB1,any
ATF3,TP53,any
>ATF3,7.432526768817612
TP53,RNF144B,any
TP53,RB1,any
ATF3,TP53,any
>ATF3,7.444789146025946
FGFR3,ATF3,any
TP53,MCL1,any
ATF3,TP53,any
>SERPINE1,7.015184936572523
TP53,MYC,any
COL18A1,TP53,any
TP53,SERPINE1,any
>SERPINE1,6.97736342674384
CCNB1,MYC,any
SERPINE1,TP53,any
TP53,CCNB1,any
>SERPINE1,7.220538953033198
TP53,MYC,any
SERPINE1,TFE3,any
SERPINE1,TP53,any
>SERPINE1,7.396409209725942
TP53,MYC,any
SERPINE1,TP53,any
TP53,RB1,any
>SERPINE1,7.035178305814798
TP53,RNF144B,any
TFE3,SERPINE1,any
SERPINE1,TP53,any
>TRIP13,7.2888632537592635
ARSA,TRIP13,any
TRIP13,PLK3,any
PLK3,TP53,any
>TRIP13,7.116777000640215
TRIP13,UBE2I,any
UBE2I,TP53,any
PCMTD2,TRIP13,any
>TRIP13,7.163825470292665
TRIP13,PLK3,any
PLK3,CCNE1,any
PLK3,TP53,any
>TRIP13,7.176247094109781
MYC,TP53,any
PPP2CA,MYC,any
PPP2CA,TRIP13,any
>TRIP13,7.106922026456644
TRIP13,ARSA,any
PCMTD2,TRIP13,any
TRIP13,LRRC61,any
>TRAF6,6.986179938433442
TP53,MYC,any
MYC,MTA1,any
TP53,TRAF6,any
>TRAF6,6.968709181335274
TP53,RNF144B,any
TP53,RB1,any
TRAF6,TP53,any
>TRAF6,7.145145725712514
TP53,MYC,any
TRAF6,TP53,any
ERC1,TRAF6,any
>TRAF6,7.156517085710072
TP53,MYC,any
TP53,RNF144B,any
TRAF6,TP53,any
>TRAF6,7.025756419622067
TP53,RB1,any
TRAF6,TP53,any
TRAF6,ERC1,any
>CSE1L,6.9185845209591745
TP53,MYC,any
CSE1L,PPP5C,any
CSE1L,TP53,any
>CSE1L,6.992882373748916
TP53,RNF144B,any
CSE1L,TP53,any
HNRNPL,CSE1L,any
>CSE1L,7.147642729002471
CSE1L,TP53,any
RB1,MYC,any
TP53,RB1,any
>CSE1L,7.29972820888781
CSE1L,TP53,any
RB1,CCNE1,any
TP53,RB1,any
>CSE1L,7.15213837664008
TP53,MYC,any
CSE1L,TP53,any
HNRNPL,CSE1L,any
>CTNNB1,7.019884907556948
BCL2L1,TP53,any
TP53,MYC,any
MYC,CTNNB1,any
>CTNNB1,6.901892374271706
MYC,TP53,any
CREBBP,MYC,any
CREBBP,CTNNB1,any
>CTNNB1,6.9217324407050915
MYC,TP53,any
ID2,CTNNB1,any
ID2,MYC,any
>CTNNB1,6.983740188151489
MYC,TP53,any
MYC,CTNNB1,any
MTA1,MYC,any
>CTNNB1,7.094954262502307
MYC,TP53,any
CTNNB1,MYC,any
CUL1,CTNNB1,any
>UBE2I,7.116777000640215
TRIP13,UBE2I,any
UBE2I,TP53,any
PCMTD2,TRIP13,any
>UBE2I,7.160833458055891
TP53,MYC,any
RNF144B,TP53,any
RNF144B,UBE2I,any
>UBE2I,7.2888632537592635
TRIP13,UBE2I,any
UBE2I,TP53,any
ARSA,TRIP13,any
>UBE2I,7.060300836751529
TP53,MYC,any
SETX,UBE2I,any
UBE2I,TP53,any
>UBE2I,7.147642729002471
TP53,MYC,any
TP53,UBE2I,any
MYC,RB1,any
>BRCA1,7.50034356365507
CCNE1,RB1,any
BRCA1,TP53,any
BRCA1,CCNE1,any
>BRCA1,7.5519766689442465
RB1,MYC,any
CCNE1,RB1,any
BRCA1,CCNE1,any
>BRCA1,7.5644796190484005
BRCA1,MYC,any
BRCA1,TP53,any
BRCA1,CCNE1,any
>BRCA1,7.452083708474543
MYC,TP53,any
MYC,BRCA1,any
TAF4B,MYC,any
>BRCA1,7.422136428615217
BRCA1,MYC,any
NF1,BRCA1,any
BRCA1,CCNE1,any
>NDRG1,7.143941089296438
NDRG1,MYC,any
NDRG1,TP53,any
TP53,RB1,any
>NDRG1,7.191479117593961
NDRG1,MYC,any
NDRG1,TP53,any
MYC,BCAT1,any
>NDRG1,7.179937960681446
NDRG1,MYC,any
NDRG1,TP53,any
MYC,TERT,any
>NDRG1,7.157133980523599
TP53,MYC,any
RNF144B,TP53,any
TP53,NDRG1,any
>NDRG1,7.236407612641503
NDRG1,MYC,any
NDRG1,TP53,any
MYC,TAF4B,any
>TFDP1,7.345127202525644
TFDP1,TP53,any
TFDP1,MYC,any
TFDP1,CCNE1,any
>TFDP1,7.293946373159955
TFDP1,TP53,any
CCNE1,RB1,any
CCNE1,TFDP1,any
>TFDP1,7.1889890578808995
TP53,TFDP1,any
MYC,TP53,any
BCAT1,MYC,any
>TFDP1,7.2818389801517185
TFDP1,TP53,any
TP53,RNF144B,any
TFDP1,CCNE1,any
>TFDP1,7.17501608965611
MYC,TP53,any
MYC,TFDP1,any
TERT,MYC,any
>CTBP1,7.804475797224185
RB1,MYC,any
RB1,CTBP1,any
RB1,CCNE1,any
>CTBP1,7.7251585485241145
CTBP1,MYC,any
MYC,RB1,any
RB1,TP53,any
>CTBP1,7.816811318960452
CTBP1,RB1,any
TP53,MCL1,any
RB1,TP53,any
>CTBP1,8.071327378683987
CTBP1,RB1,any
RB1,CCNE1,any
RB1,TP53,any
>CTBP1,7.740172546638893
MYC,TP53,any
CTBP1,MYC,any
TP53,MCL1,any
>MCL1,7.665140143786369
RB1,MYC,any
MCL1,TP53,any
TP53,RB1,any
>MCL1,7.816811318960452
CTBP1,RB1,any
TP53,MCL1,any
RB1,TP53,any
>MCL1,7.657200312213691
MCL1,AKT1,any
AKT1,TERT,any
MCL1,TP53,any
>MCL1,7.681997339897771
MCL1,AKT1,any
RNF144B,TP53,any
TP53,MCL1,any
>MCL1,7.740172546638893
MYC,TP53,any
CTBP1,MYC,any
TP53,MCL1,any
>JMY,7.181490971206561
MCL1,AKT1,any
MCL1,TP53,any
TP53,JMY,any
>JMY,7.306789057344492
RB1,MYC,any
TP53,RB1,any
JMY,TP53,any
>JMY,7.228974282149945
RB1,CTBP1,any
TP53,RB1,any
JMY,TP53,any
>JMY,7.4027162611573205
TP53,MYC,any
MYC,TAF4B,any
JMY,TP53,any
>JMY,7.295398527362673
MYC,ODC1,any
TP53,MYC,any
JMY,TP53,any
>USP7,7.037522724498437
TP53,MYC,any
USP7,TP53,any
TP53,LIF,any
>USP7,7.530039571872042
TP53,USP7,any
RB1,CCNE1,any
RB1,TP53,any
>USP7,7.47907577973893
TP53,MYC,any
USP7,TP53,any
MYC,TAF4B,any
>USP7,7.404048604365037
TP53,MYC,any
TP53,USP7,any
RNF144B,TP53,any
>USP7,7.387146301687403
USP7,TP53,any
RB1,MYC,any
TP53,RB1,any
>TSC2,7.402893234081706
TSC2,TP53,any
TSC2,MYC,any
MYC,SMARCA2,any
>TSC2,7.408984124342088
TSC2,TP53,any
TP53,RNF144B,any
TSC2,MYC,any
>TSC2,7.442723591964152
TSC2,TP53,any
MYC,TSC2,any
BCAT1,MYC,any
>TSC2,7.431167534981273
TSC2,TP53,any
MYC,TSC2,any
TERT,MYC,any
>TSC2,7.487628360019222
MYC,TP53,any
TP53,TSC2,any
TAF4B,MYC,any
>E2F1,7.103886710667657
E2F1,TERT,any
MCL1,TP53,any
MCL1,E2F1,any
>E2F1,7.055633253753184
RB1,MYC,any
CCNE1,RB1,any
RB1,E2F1,any
>E2F1,7.113167560811765
TP53,MYC,any
MCL1,TP53,any
MCL1,E2F1,any
>E2F1,7.019477747978527
RNF144B,TP53,any
TP53,MCL1,any
MCL1,E2F1,any
>E2F1,7.147642729002471
RB1,MYC,any
RB1,E2F1,any
RB1,TP53,any
>FOXM1,7.217306735792173
FOXM1,CCNB1,any
CENPF,FOXM1,any
CCNB1,TP53,any
>FOXM1,7.344764275439751
CCNB1,FOXM1,any
TP53,RB1,any
TP53,CCNB1,any
>FOXM1,7.301831953949761
CCNB1,MYC,any
FOXM1,CCNB1,any
CCNB1,TP53,any
>FOXM1,7.331563310614581
TP53,RNF144B,any
CCNB1,FOXM1,any
CCNB1,TP53,any
>FOXM1,7.398081191255106
TP53,MCL1,any
FOXM1,CCNB1,any
CCNB1,TP53,any
>MYC,7.881973923713792
RB1,CCNE1,any
SMARCA2,RB1,any
SMARCA2,MYC,any
>MYC,7.96661480640654
RB1,MYC,any
CCNE1,RB1,any
RB1,TP53,any
>MYC,8.130963771577797
MYC,RB1,any
RB1,CCNE1,any
BCAT1,MYC,any
>MYC,7.846735066195235
MYC,TP53,any
TAF4B,MYC,any
MYC,BCAT1,any
>MYC,7.8555844623488635
MYC,TP53,any
TAF4B,MYC,any
MYC,SMARCA2,any
>PIAS2,7.3927064875104165
PIAS2,TP53,any
RB1,MYC,any
TP53,RB1,any
>PIAS2,7.017122457583857
TP53,PIAS2,any
TP53,MYC,any
ATM,TP53,any
>PIAS2,7.064707561376624
PIAS2,TP53,any
TP53,MYC,any
MX2,PIAS2,any
>PIAS2,7.269901373567649
PIAS2,TP53,any
TP53,MYC,any
TP53,SFN,any
>PIAS2,7.05621561277811
PIAS2,TP53,any
TP53,MYC,any
TP53,JMY,any
>MAPK14,6.91507483136392
MCL1,TP53,any
TP53,RB1,any
TP53,MAPK14,any
>MAPK14,6.904978017703628
TP53,RB1,any
MAPK11,MAPK14,any
MAPK14,TP53,any
>MAPK14,6.917916587053965
MYC,TP53,any
STK11,MYC,any
TP53,MAPK14,any
>MAPK14,6.9188413385633485
TP53,MYC,any
NFATC1,MAPK14,any
MAPK14,TP53,any
>MAPK14,7.140236199209742
RB1,MYC,any
RB1,TP53,any
TP53,MAPK14,any
>BCL2L1,7.656027405692786
TP53,BCL2L1,any
MYC,TP53,any
CTBP1,MYC,any
>BCL2L1,7.638418493509704
TP53,BCL2L1,any
TP53,MYC,any
RNF144B,TP53,any
>BCL2L1,7.732583143417047
BCL2L1,TP53,any
TP53,MYC,any
MYC,RB1,any
>BCL2L1,7.61183698392847
TP53,BCL2L1,any
MYC,TP53,any
SMARCA2,MYC,any
>BCL2L1,7.7999517938360805
TP53,BCL2L1,any
CCNE1,RB1,any
RB1,TP53,any
>PPP2CA,7.140236199209742
MYC,TP53,any
RB1,MYC,any
PPP2CA,RB1,any
>PPP2CA,7.409186644346458
MYC,PPP2CA,any
RB1,MYC,any
CCNE1,RB1,any
>PPP2CA,7.176247094109781
MYC,TP53,any
PPP2CA,MYC,any
PPP2CA,TRIP13,any
>PPP2CA,7.292789114557823
PPP2CA,RB1,any
RB1,CCNE1,any
RB1,TP53,any
>PPP2CA,7.065460963491354
PPP2CA,MYC,any
PPP2CA,RB1,any
MYC,BCAT1,any
>ZNF512B,7.09342363071125
BTBD2,ZNF512B,any
BTBD2,TP53,any
TP53,MCL1,any
>ZNF512B,7.098360934497468
MYC,TP53,any
DVL3,MYC,any
DVL3,ZNF512B,any
>ZNF512B,7.042283010501638
ZNF512B,BTBD2,any
BRD1,ZNF512B,any
BTBD2,TP53,any
>ZNF512B,7.206555035486166
ZNF512B,HEYL,any
XRCC6,TP53,any
ZNF512B,XRCC6,any
>ZNF512B,7.359949217423864
TERT,XRCC6,any
XRCC6,TP53,any
XRCC6,ZNF512B,any
>SFN,7.737451749287295
RB1,MYC,any
TP53,RB1,any
SFN,TP53,any
>SFN,7.612474911265975
TP53,MYC,any
TP53,RNF144B,any
TP53,SFN,any
>SFN,7.554352973305029
TP53,MYC,any
MCL1,TP53,any
TP53,SFN,any
>SFN,7.6368978882888765
TP53,MYC,any
RAB3IP,SFN,any
SFN,TP53,any
>SFN,7.547047231776931
TP53,MYC,any
MYC,AKT1,any
SFN,TP53,any
