>CDK4,8.174195926025059
RB1,CDK4,any
CCNE1,RB1,any
CDK4,CDKN2A,any
>CDK4,8.465634745958923
RB1,CDK4,any
CDK4,CDKN2A,any
RB1,TP53,any
>CDK4,8.129004573854141
RB1,MYC,any
MYC,CDKN2B,any
CDKN2B,CDK4,any
>CDK4,8.192426328901998
RB1,MYC,any
RB1,CDK4,any
CDK4,CDKN2A,any
>CDK4,8.241917826303615
RB1,CDK4,any
CDKN2B,CDK6,any
CDK4,CDKN2B,any
>SNCA,7.008433036017997
KLK6,SNCA,any
CDK4,CDKN2A,any
SNCA,CDK4,any
>SNCA,6.945688968392264
KLK6,SNCA,any
SNCA,CDK4,any
CDK4,CDKN2B,any
>SNCA,6.9439424891312855
CDKN2C,CDK4,any
CDK4,CDKN2A,any
CDK4,SNCA,any
>SNCA,6.94732945317177
CDK6,CDKN2A,any
CDKN2A,CDK4,any
CDK4,SNCA,any
>SNCA,6.9281024774431
CDK4,MYC,any
CDK4,SNCA,any
CDK4,CDKN2B,any
>SP1,6.991091951852288
CDK4,MYC,any
MYC,SP1,any
CDK4,CDKN2A,any
>SP1,7.012676266500044
HDAC2,SP1,any
SP1,CDKN2B,any
CDKN2B,CDK4,any
>SP1,6.9281024774431
CDKN2B,SP1,any
CDKN2B,MYC,any
CDK4,CDKN2B,any
>SP1,7.803845850757048
CDKN2B,SP1,any
RB1,CDK4,any
CDK4,CDKN2B,any
>SP1,6.9509282434020125
CDKN2B,SP1,any
CDKN2C,CDK4,any
CDK4,CDKN2B,any
>HDAC2,6.989845447306301
TRRAP,HDAC2,any
TRRAP,CDK4,any
CDK4,CDKN2B,any
>HDAC2,7.012676266500044
HDAC2,SP1,any
SP1,CDKN2B,any
CDKN2B,CDK4,any
>HDAC2,7.052802034355125
HDAC2,TRRAP,any
TRRAP,CDK4,any
CDK4,CDKN2A,any
>HDAC2,5.68672163785792
HDAC2,SP1,any
SP1,CDKN2B,any
CDKN2B,CDK4,any
HDAC2,MAX,any
>HDAC2,6.65620401449493
SP1,TP53,any
SP1,HDAC2,any
SP1,CDKN2B,any
>CDKN1A,7.8670337376014015
RB1,CDKN1A,any
RB1,CDK4,any
CDK4,CDKN2A,any
>CDKN1A,6.991091951852288
CDK4,MYC,any
CDK4,CDKN2A,any
MYC,CDKN1A,any
>CDKN1A,6.958029677885644
FAF1,CDKN1A,any
CDKN1A,CDK4,any
CDK4,CDKN2B,any
>CDKN1A,7.803845850757048
CDK4,CDKN1A,any
RB1,CDK4,any
CDK4,CDKN2B,any
>CDKN1A,7.128557668805991
CDKN1A,TFDP1,any
CDKN1A,CDK4,any
CDK4,CDKN2B,any
>APLP1,6.94732945317177
CDK6,CDKN2A,any
CDK4,APLP1,any
CDKN2A,CDK4,any
>APLP1,6.991091951852288
CDK4,MYC,any
CDK4,APLP1,any
CDKN2A,CDK4,any
>APLP1,7.8670337376014015
CDK4,RB1,any
APLP1,CDK4,any
CDK4,CDKN2A,any
>APLP1,7.803845850757048
CDK4,RB1,any
APLP1,CDK4,any
CDK4,CDKN2B,any
>APLP1,6.9509282434020125
CDK4,CDKN2C,any
APLP1,CDK4,any
CDK4,CDKN2B,any
>CCDC33,7.196890034322914
CCDC33,CDKN2B,any
CDKN2B,CDK6,any
CDKN2B,CDK4,any
>CCDC33,7.005083044335587
CCDC33,PNMA1,any
CCDC33,CDKN2B,any
CDKN2B,CDK4,any
>CCDC33,7.112145401539013
CCDC33,CDKN2B,any
CDKN2B,IKBKAP,any
CDKN2B,CDK4,any
>CCDC33,7.170509255278643
CCDC33,CDKN2B,any
CDKN2B,MYC,any
CDKN2B,CDK4,any
>CCDC33,7.001571309308671
CCDC33,CDKN2B,any
SPAG5,CCDC33,any
CDKN2B,CDK4,any
>LUC7L2,6.94732945317177
CDKN2A,CDK6,any
CDKN2A,CDK4,any
CDK4,LUC7L2,any
>LUC7L2,6.925510841569284
MCM2,CDK4,any
CDK4,CDKN2A,any
CDK4,LUC7L2,any
>LUC7L2,7.030067347153192
ATRX,LUC7L2,any
CDK4,CDKN2B,any
LUC7L2,CDK4,any
>LUC7L2,6.825420334125777
ULK2,LUC7L2,any
CDK4,CDKN2A,any
LUC7L2,CDK4,any
>LUC7L2,6.82195745097601
HOOK1,CDK4,any
CDK4,CDKN2A,any
CDK4,LUC7L2,any
>GRB2,5.677535878821372
PLAGL1,SMAD3,any
SMAD3,CDKN2B,any
SMAD3,GRB2,any
CDKN2B,CDK4,any
>GRB2,5.812665359131027
FAM49B,NIF3L1,any
NIF3L1,CDKN2B,any
NIF3L1,GRB2,any
CDKN2B,CDK4,any
>GRB2,5.763193167482423
SP1,GRB2,any
CDKN2B,SP1,any
IKBKAP,CDKN2B,any
CDKN2B,CDK4,any
>GRB2,6.850438068759755
SP1,GRB2,any
SP1,CDKN2B,any
CDKN2B,CDK4,any
>GRB2,5.947930014597559
PIK3CA,PIK3C2B,any
PTEN,PIK3CA,any
PIK3C2B,GRB2,any
>PDGFRA,5.8283900452266355
RAPGEF1,PDGFRA,any
PTEN,PIK3R1,any
PIK3R1,RAPGEF1,any
>PDGFRA,5.767742976640476
CAV1,EGFR,any
CAV1,TP53,any
PDGFRA,CAV1,any
>PDGFRA,5.07944934832017
JAK1,PIK3CA,any
PDGFRA,JAK1,any
JAK1,PIK3R1,any
>PDGFRA,5.310429720970245
PDGFRA,IFNG,any
PDGFRA,PLCG1,any
PLCG1,EGFR,any
>PDGFRA,5.129777990328265
SHB,PDGFRB,any
PDGFRB,PTEN,any
SHB,PDGFRA,any
>ATF2,6.484762770375117
TGFB2,RB1,any
TGFB2,ATF2,any
RB1,CDK4,any
CDK4,CDKN2A,any
>ATF2,6.243076680605638
RB1,ATF2,any
RB1,CDK4,any
PPARG,RB1,any
CDK4,CDKN2B,any
>ATF2,5.54248198195448
MYC,CREB1,any
MYC,CDKN2B,any
CREB1,ATF2,any
CDKN2B,CDK4,any
>ATF2,6.4341725434724735
RB1,TGFB2,any
TGFB2,ATF2,any
RB1,CDK4,any
CDK4,CDKN2B,any
>ATF2,5.740830702849657
MAPK12,CCND1,any
CCND1,CDK4,any
CDK4,CDKN2A,any
MAPK12,ATF2,any
>TRRAP,6.989845447306301
TRRAP,HDAC2,any
TRRAP,CDK4,any
CDK4,CDKN2B,any
>TRRAP,7.811817262923222
TRRAP,TP53,any
TRRAP,CDK4,any
CDK4,CDKN2A,any
>TRRAP,7.052802034355125
HDAC2,TRRAP,any
TRRAP,CDK4,any
CDK4,CDKN2A,any
>TRRAP,7.769690848898557
TRRAP,TP53,any
TRRAP,CDK4,any
CDK4,CDKN2B,any
>TRRAP,7.0220202105375105
TRRAP,CDK4,any
TRRAP,MDM2,any
CDK4,CDKN2A,any
>PIK3R1,6.422781878559391
PTEN,TP53,any
PTEN,PIK3R1,any
PIK3R1,EGFR,any
>PIK3R1,6.207710285173202
PTEN,TP53,any
PTEN,PIK3R1,any
PTEN,PIK3CA,any
>PIK3R1,7.022898668487681
CCND3,PIK3R1,any
CCND3,CDK4,any
CDK4,CDKN2A,any
>PIK3R1,6.451863844175736
PIK3C2B,PIK3CA,any
PIK3R1,PTEN,any
PIK3C2B,PIK3R1,any
>PIK3R1,6.028062938755042
CSDE1,PIK3R1,any
CSDE1,MYC,any
MYC,CDKN2B,any
>CETP,6.762676266500044
ARPC3,CDKN2B,any
CETP,ARPC3,any
CDKN2B,CDK4,any
>CETP,5.60406643546847
ARPC3,CDKN2B,any
CDKN2B,KIAA1377,any
CETP,ARPC3,any
CDKN2B,CDK4,any
>CETP,6.230755444948356
ARPC3,CDKN2B,any
CETP,ARPC3,any
CDK4,RB1,any
CDKN2B,CDK4,any
>CETP,5.74485560095551
ARPC3,NRIP1,any
ARPC3,CDKN2B,any
CETP,ARPC3,any
CDKN2B,CDK4,any
>CETP,5.760823161974567
ARPC3,CDKN2B,any
CETP,ARPC3,any
CDKN2B,CDK6,any
CDKN2B,CDK4,any
>CCND3,6.954568736951435
CCND3,CDK6,any
CCND3,CDK4,any
CDK6,CDKN2B,any
>CCND3,7.190883101907257
CCND3,PIK3CA,any
CCND3,CDK4,any
CDK4,CDKN2A,any
>CCND3,7.022898668487681
CCND3,PIK3R1,any
CCND3,CDK4,any
CDK4,CDKN2A,any
>CCND3,7.803845850757048
CDK4,RB1,any
CCND3,CDK4,any
CDK4,CDKN2B,any
>CCND3,7.8670337376014015
RB1,CDK4,any
CDK4,CCND3,any
CDK4,CDKN2A,any
>MCM2,7.293895129202874
MCM2,CDK4,any
MCM2,CDKN2A,any
MCM2,CDK6,any
>MCM2,7.279064232162558
MCM2,MCM3,any
CDK4,MCM2,any
MCM2,CDKN2A,any
>MCM2,7.337690154311316
MCM2,CDK4,any
CDK4,MYC,any
CDK4,CDKN2A,any
>MCM2,7.301039716517884
CDK6,CDKN2B,any
MCM2,CDK6,any
CDKN2B,CDK4,any
>MCM2,8.098192320513558
MCM2,CDK4,any
MCM2,CDKN2A,any
CDK4,RB1,any
>HOOK1,7.1903417386096
CDKN2A,CDK6,any
CDK4,HOOK1,any
CDKN2A,CDK4,any
>HOOK1,7.193815320999681
CDK4,CDKN2C,any
HOOK1,CDK4,any
CDK4,CDKN2B,any
>HOOK1,7.236456356354856
CDK4,MYC,any
HOOK1,CDK4,any
CDK4,CDKN2A,any
>HOOK1,8.046769117021823
CDK4,RB1,any
HOOK1,CDK4,any
CDK4,CDKN2B,any
>HOOK1,7.1974863259246105
HOOK1,CDK4,any
CDKN2B,CDK6,any
CDK4,CDKN2B,any
>APC,5.5899972427091384
TAF1,APC,any
TAF1,MAX,any
MAX,CDKN2B,any
CDKN2B,CDK4,any
>APC,6.479176960940999
CTBP1,RB1,any
RB1,CDK4,any
CDK4,CDKN2A,any
APC,CTBP1,any
>APC,6.272479278679281
TAF1,APC,any
RB1,CDK4,any
CDK4,CDKN2A,any
TAF1,RB1,any
>APC,5.495790898962776
SP1,APC,any
SP1,CDKN2B,any
CDKN2B,IKBKAP,any
CDKN2B,CDK4,any
>APC,6.235270328527179
APC,TP53,any
APC,SP1,any
SP1,CDKN2B,any
>SETDB1,6.94732945317177
CDK4,SETDB1,any
CDKN2A,CDK6,any
CDKN2A,CDK4,any
>SETDB1,6.9439424891312855
SETDB1,CDK4,any
CDK4,CDKN2C,any
CDK4,CDKN2A,any
>SETDB1,6.954568736951435
SETDB1,CDK4,any
CDKN2B,CDK6,any
CDK4,CDKN2B,any
>SETDB1,7.803845850757048
SETDB1,CDK4,any
CDK4,RB1,any
CDK4,CDKN2B,any
>SETDB1,6.991091951852288
SETDB1,CDK4,any
CDK4,MYC,any
CDK4,CDKN2A,any
>ERBB2,5.263104450165595
DOCK7,CDKN1A,any
CDKN1A,CDK4,any
CDK4,CDKN2A,any
DOCK7,ERBB2,any
>ERBB2,6.9281024774431
MYC,ERBB2,any
MYC,CDK4,any
MYC,CDKN2B,any
>ERBB2,5.401706183913386
CDK4,MAX,any
MAGEA11,CDKN2B,any
MAX,ERBB2,any
CDKN2B,CDK4,any
>ERBB2,5.54248198195448
ERBB2,MYC,any
MAP2K1,ERBB2,any
MYC,CDK4,any
CDK4,CDKN2B,any
>ERBB2,5.272655703717084
ERBB2,MYC,any
TNS3,ERBB2,any
MYC,CDKN2B,any
>PIK3C2B,5.650371852585499
PIK3C2B,PIK3CA,any
PIK3CA,TRPV1,any
PIK3CA,PTEN,any
>PIK3C2B,6.352751892866008
PIK3CA,PIK3C2B,any
CCND3,PIK3CA,any
CDK4,CCND3,any
CDKN2A,CDK4,any
>PIK3C2B,5.905883581921332
PIK3CA,PIK3C2B,any
PRKCD,PIK3CA,any
PIK3CA,PTEN,any
>PIK3C2B,6.451863844175736
PIK3C2B,PIK3CA,any
PIK3R1,PTEN,any
PIK3C2B,PIK3R1,any
>PIK3C2B,5.947930014597559
PIK3CA,PIK3C2B,any
PTEN,PIK3CA,any
PIK3C2B,GRB2,any
>MCM5,7.19383696067931
CDKN2A,MCM5,any
CDKN2A,CDK6,any
CDKN2A,CDK4,any
>MCM5,7.190435364499055
CDKN2A,MCM5,any
CDKN2C,CDK4,any
CDK4,CDKN2A,any
>MCM5,7.178973724719051
MCM5,CDKN2A,any
CDKN2A,CDK4,any
MCM5,MCM3,any
>MCM5,7.237615703603907
CDK4,MYC,any
CDKN2A,MCM5,any
CDKN2A,CDK4,any
>MCM5,7.851682089813749
CDKN2A,MCM5,any
RB1,CDK4,any
CDK4,CDKN2A,any
>MDM4,6.182532646757847
ATM,MDM2,any
ATM,MDM4,any
ATM,TP53,any
>MDM4,6.2741036035350835
TP53,MYC,any
MDM4,MDM2,any
MDM2,TP53,any
>MDM4,6.166479184904937
MDM4,MDM2,any
MDM2,TP53,any
MDM2,TRRAP,any
>MDM4,7.146682462543847
MDM2,MDM4,any
MDM2,TP53,any
TP53,EGFR,any
>MDM4,6.065408671926714
TP53,PTEN,any
MDM4,ATM,any
ATM,TP53,any
>FOXA1,6.473191312602711
FOXA1,TP53,any
FOXA1,CEBPB,any
CEBPB,CDKN2B,any
>FOXA1,5.8939643840251055
CEBPB,TFDP1,any
CEBPB,FOXA1,any
CEBPB,CDKN2B,any
CDKN2B,CDK4,any
>FOXA1,6.755083044335587
FOXA1,CEBPB,any
CEBPB,CDKN2B,any
CDKN2B,CDK4,any
>FOXA1,6.484762770375117
SFTPD,RB1,any
RB1,CDK4,any
CDK4,CDKN2A,any
SFTPD,FOXA1,any
>FOXA1,5.711462655068102
APOB,FOXA1,any
SP1,CDKN2B,any
APOB,SP1,any
CDKN2B,CDK4,any
>CDK6,7.388713507269792
CDKN2C,CDK4,any
CDK4,CDKN2B,any
CDKN2C,CDK6,any
>CDK6,7.311735825308649
CDKN2A,CDK6,any
CDKN2A,CDK4,any
CDK6,CDKN2C,any
>CDK6,7.366299963491468
CDKN2B,MYC,any
CDKN2B,CDK6,any
CDKN2B,CDK4,any
>CDK6,7.359346127873316
CDK4,MYC,any
CDKN2A,CDK6,any
CDK4,CDKN2A,any
>CDK6,8.241917826303615
RB1,CDK4,any
CDKN2B,CDK6,any
CDK4,CDKN2B,any
>MAGEA11,6.938095746227806
MAGEA11,CDKN2B,any
CDKN2B,CDK4,any
ACTN1,MAGEA11,any
>MAGEA11,6.9281024774431
CDKN2B,MAGEA11,any
CDK4,MYC,any
CDK4,CDKN2B,any
>MAGEA11,6.86973862370347
MAGEA11,CDKN2B,any
CDKN2B,IKBKAP,any
CDKN2B,CDK4,any
>MAGEA11,6.954568736951435
MAGEA11,CDKN2B,any
CDKN2B,CDK6,any
CDKN2B,CDK4,any
>MAGEA11,6.9509282434020125
CDKN2B,MAGEA11,any
CDKN2C,CDK4,any
CDK4,CDKN2B,any
>PIK3CA,7.190883101907257
CCND3,PIK3CA,any
CCND3,CDK4,any
CDK4,CDKN2A,any
>PIK3CA,6.207710285173202
PTEN,TP53,any
PTEN,PIK3R1,any
PTEN,PIK3CA,any
>PIK3CA,6.352751892866008
PIK3CA,PIK3C2B,any
CCND3,PIK3CA,any
CDK4,CCND3,any
CDKN2A,CDK4,any
>PIK3CA,6.451863844175736
PIK3C2B,PIK3CA,any
PIK3R1,PTEN,any
PIK3C2B,PIK3R1,any
>PIK3CA,6.082262485918133
CDK4,MYC,any
CCND3,PIK3CA,any
CCND3,CDK4,any
CDK4,CDKN2A,any
>INCENP,5.386612703409259
PSMA3,CDK6,any
INCENP,PSMA3,any
CDK6,CDKN2A,any
>INCENP,5.370405950439412
INCENP,CCNB1,any
INCENP,KLHL9,any
CCNB1,TP53,any
>INCENP,5.165617971152496
MYC,CCNB1,any
CCNB1,INCENP,any
CDKN2B,MYC,any
>INCENP,5.136393942724021
INCENP,CTNNB1,any
CTNNB1,EGFR,any
EGFR,TP53,any
INCENP,KLHL9,any
>INCENP,5.392815542375269
CCNB1,INCENP,any
CDKN2B,MAX,any
CDKN2B,CDK4,any
MAX,CCNB1,any
>BARD1,6.57195745097601
SETDB1,CDK4,any
SETDB1,BARD1,any
CDK4,CDKN2A,any
>BARD1,5.819681366160614
IKBKAP,BARD1,any
MYC,CDK4,any
CDKN2B,MYC,any
IKBKAP,CDKN2B,any
>BARD1,6.230530938118877
TP53,SP1,any
BARD1,TP53,any
SP1,CDKN2B,any
>BARD1,6.862717922066403
IKBKAP,BARD1,any
IKBKAP,CDKN2B,any
CDKN2B,CDK4,any
>BARD1,6.584084328712151
BARD1,KIAA1377,any
BARD1,TP53,any
KIAA1377,CDKN2B,any
>EWSR1,6.516185233110196
MAGEA11,CDKN2B,any
MAGEA11,EWSR1,any
CDKN2B,CDK4,any
>EWSR1,5.410141013200035
ARPC3,CDKN2B,any
CETP,ARPC3,any
CETP,EWSR1,any
CDKN2B,CDK4,any
>EWSR1,5.693964384025105
MAGEA11,CDKN2B,any
CXADR,EWSR1,any
EWSR1,MAGEA11,any
CDKN2B,CDK4,any
>EWSR1,5.490174337653122
EWSR1,SMAD4,any
SMAD4,CDKN2B,any
ERCC5,EWSR1,any
CDKN2B,CDK4,any
>EWSR1,5.607331625178503
TRAF1,CDKN2B,any
WDR37,EWSR1,any
EWSR1,TRAF1,any
CDKN2B,CDK4,any
>BAG6,7.803845850757048
CDK4,RB1,any
CDK4,BAG6,any
CDKN2B,CDK4,any
>BAG6,6.86973862370347
CDKN2B,IKBKAP,any
IKBKAP,BAG6,any
CDKN2B,CDK4,any
>BAG6,7.053959590644373
RNF126,BAG6,any
BAG6,CDK4,any
CDK4,CDKN2A,any
>BAG6,6.991019427969086
RNF126,BAG6,any
BAG6,CDK4,any
CDK4,CDKN2B,any
>BAG6,6.925510841569284
MCM2,CDK4,any
CDK4,BAG6,any
CDK4,CDKN2A,any
>PLCG1,4.984346348308093
PTEN,TP53,any
PDGFRB,PLCG1,any
PTEN,PDGFRB,any
>PLCG1,5.155148656891799
CREB1,MYC,any
CREB1,PLCG1,any
MYC,CDKN2B,any
>PLCG1,5.228626583251176
CDK4,RB1,any
MET,PLCG1,any
RB1,MET,any
>PLCG1,5.310429720970245
PDGFRA,IFNG,any
PDGFRA,PLCG1,any
PLCG1,EGFR,any
>PLCG1,4.800406368887191
TGFA,TP53,any
TGFA,EGFR,any
EGFR,PLCG1,any
>AKT1,5.825759734828386
MDM2,MDM4,any
MDM2,TP53,any
AKT1,PIK3R1,any
AKT1,MDM2,any
>AKT1,6.293596813643132
MYC,CDK4,any
AKT1,RELN,any
AKT1,MYC,any
CDK4,CDKN2A,any
>AKT1,5.981227209851625
CDCA7,MYC,any
MYC,AKT1,any
MYC,CDKN2B,any
CDKN2B,CDK4,any
>AKT1,5.840388822236489
CDKN1A,CDK4,any
ADAMTS10,CDKN1A,any
CDK4,CDKN2A,any
CDKN1A,AKT1,any
>AKT1,5.9516771367649435
MYC,CDK4,any
MYC,AKT1,any
MYC,CDKN2B,any
EIF2S1,MYC,any
>DDX5,5.792642192175389
PTEN,TP53,any
PTEN,PIK3CA,any
TP53,DDX5,any
>DDX5,5.387647310015288
PIK3CA,PIK3C2B,any
DDX5,PIK3CA,any
DDX5,TP53,any
>DDX5,5.058992036841158
TP53,PTEN,any
TP53,DDX5,any
BCL2,TP53,any
>DDX5,5.20666063414337
TP53,SP1,any
DDX5,PIK3CA,any
DDX5,TP53,any
SP1,CDKN2B,any
>DDX5,5.432235392576052
TP53,SP1,any
DDX5,TP53,any
SP1,CDKN2B,any
CDKN2B,CDK6,any
>SMAD4,6.954568736951435
SMAD4,CDKN2B,any
CDKN2B,CDK6,any
CDKN2B,CDK4,any
>SMAD4,6.9281024774431
SMAD4,CDKN2B,any
CDKN2B,MYC,any
CDKN2B,CDK4,any
>SMAD4,6.9509282434020125
CDKN2B,SMAD4,any
CDK4,CDKN2C,any
CDKN2B,CDK4,any
>SMAD4,6.86973862370347
SMAD4,CDKN2B,any
CDKN2B,IKBKAP,any
CDKN2B,CDK4,any
>SMAD4,7.012676266500044
SMAD4,CDKN2B,any
SMAD4,HDAC2,any
CDKN2B,CDK4,any
>CDC6,6.925510841569284
MCM2,CDKN2A,any
CDKN2A,CDC6,any
CDKN2A,CDK4,any
>CDC6,6.94732945317177
CDKN2A,CDC6,any
CDKN2A,CDK6,any
CDKN2A,CDK4,any
>CDC6,6.9439424891312855
CDK4,CDKN2C,any
CDKN2A,CDC6,any
CDK4,CDKN2A,any
>CDC6,6.862717922066403
MCM2,CDC6,any
CDK4,MCM2,any
CDK4,CDKN2B,any
>CDC6,6.991091951852288
CDK4,MYC,any
CDKN2A,CDC6,any
CDKN2A,CDK4,any
>CDKN2B,8.068300055122531
CDKN2C,TP53,any
CDK4,CDKN2C,any
CDKN2B,CDK4,any
>CDKN2B,8.046769117021823
CDK4,RB1,any
HOOK1,CDK4,any
CDK4,CDKN2B,any
>CDKN2B,8.129004573854141
RB1,MYC,any
MYC,CDKN2B,any
CDKN2B,CDK4,any
>CDKN2B,8.241917826303615
RB1,CDK4,any
CDKN2B,CDK6,any
CDK4,CDKN2B,any
>CDKN2B,8.052667182278313
RB1,ABL1,any
RB1,CDK4,any
CDK4,CDKN2B,any
>TAF10,7.168483443792796
CDK4,TAF10,any
CDK4,CDKN2A,any
TAF10,CCND2,any
>TAF10,7.165807730135662
TAF10,CDK4,any
TAF10,MYC,any
CDK4,CDKN2B,any
>TAF10,7.182663035981079
TAF10,CDK4,any
CDKN2A,CDK6,any
CDK4,CDKN2A,any
>TAF10,7.228863134190399
TAF10,CDK4,any
CDK4,CDKN2A,any
TAF10,MYC,any
>TAF10,7.1898076232960895
CDK4,TAF10,any
CDKN2B,CDK6,any
CDK4,CDKN2B,any
>GSK3B,6.818491907138817
CDK4,BAG6,any
CDKN2A,CDK4,any
BAG6,GSK3B,any
>GSK3B,5.870019414323988
MAX,CDK4,any
PPP2R5A,MAX,any
CDK4,CDKN2B,any
PPP2R5A,GSK3B,any
>GSK3B,7.23065512593264
MYC,CDK4,any
CDK4,CDKN2A,any
GSK3B,MYC,any
>GSK3B,6.803959590644373
CDK4,CDKN2A,any
QARS,GSK3B,any
QARS,CDK4,any
>GSK3B,6.0083676431800175
MYC,CDKN2B,any
CDKN2B,MAX,any
GSK3B,MYC,any
CDKN2B,CDK4,any
>KLHL13,4.578503874712938
PSMA3,CDK6,any
PSMA3,RAD54L2,any
PSMA3,KLHL13,any
CDK6,CDKN2B,any
>KLHL13,4.4886600776731145
KLHL9,KLHL13,any
PSMA3,CDK6,any
KLHL9,PSMA3,any
>KLHL13,4.9565815904628545
KLHL13,BIRC5,any
KLHL13,KLHL9,any
BIRC5,MYC,any
MYC,CDK4,any
>KLHL13,5.4766332927531085
PSMA3,CDK6,any
KLHL13,PSMA3,any
CDK6,CDKN2B,any
>KLHL13,4.775517367961619
PSMA3,CDK6,any
PSMA3,KLHL13,any
LETM1,PSMA3,any
CDK6,CDKN2A,any
>SRC,6.228159324649958
SRC,SP1,any
SP1,TP53,any
SP1,CDKN2B,any
>SRC,5.82353517383818
PIK3CA,PTEN,any
SRC,PIK3CA,any
SRC,EGFR,any
>SRC,5.4606704291970365
SRC,AKT1,any
AKT1,MYC,any
MYC,CDKN2B,any
>SRC,5.55227339088768
CDK6,KLK3,any
CDK6,CDKN2A,any
CDKN2A,CDK4,any
KLK3,SRC,any
>SRC,5.398445439441734
SRC,SP1,any
SP1,FOXA1,any
SP1,CDKN2B,any
CDKN2B,CDK4,any
>ABL1,8.115871688257377
RB1,ABL1,any
CDK4,RB1,any
CDK4,CDKN2A,any
>ABL1,6.492697350605901
ABL1,RB1,any
RB1,CDK4,any
GTF2IRD1,ABL1,any
CDK4,CDKN2A,any
>ABL1,8.052667182278313
RB1,ABL1,any
RB1,CDK4,any
CDK4,CDKN2B,any
>ABL1,6.619527187294371
RB1,ABL1,any
RB1,CDK4,any
RB1,CDKN1B,any
CDK4,CDKN2B,any
>ABL1,5.739484764979999
MCM2,CDKN2A,any
CDKN2A,CDK4,any
ORC1,ABL1,any
MCM2,ORC1,any
>HAUS1,6.94732945317177
CDKN2A,HAUS1,any
CDKN2A,CDK6,any
CDKN2A,CDK4,any
>HAUS1,6.932433953300268
HAUS1,CDKN2A,any
CDKN2A,CDK4,any
MED7,HAUS1,any
>HAUS1,6.991091951852288
CDK4,MYC,any
CDKN2A,HAUS1,any
CDKN2A,CDK4,any
>HAUS1,6.925510841569284
CDKN2A,MCM2,any
CDKN2A,HAUS1,any
CDKN2A,CDK4,any
>HAUS1,6.921380502554594
HAUS1,CDKN2A,any
CDKN2A,CDK4,any
USHBP1,HAUS1,any
>ATM,6.182532646757847
ATM,MDM2,any
ATM,MDM4,any
ATM,TP53,any
>ATM,6.5104881456919985
E2F1,CDK4,any
ATM,E2F1,any
CDK4,CDKN2B,any
ATM,TP53,any
>ATM,6.058447495459668
TP53,EGFR,any
ATM,MDM4,any
ATM,TP53,any
>ATM,6.862717922066403
E2F1,CDK4,any
ATM,E2F1,any
CDK4,CDKN2B,any
>ATM,6.065408671926714
TP53,PTEN,any
MDM4,ATM,any
ATM,TP53,any
>DLEU1,6.656424952702989
DLEU1,CCDC90B,any
CCDC90B,CDKN2B,any
DLEU1,TP53,any
>DLEU1,7.009978343296263
DLEU1,KIAA1377,any
KIAA1377,CDKN2B,any
DLEU1,TP53,any
>DLEU1,5.930764075954429
DLEU1,KIAA1377,any
KIAA1377,CDKN2B,any
CDKN2B,MAX,any
CDKN2B,CDK4,any
>DLEU1,5.867579261111158
KIAA1377,DLEU1,any
KIAA1377,CDKN2B,any
FGFR3,KIAA1377,any
>DLEU1,5.7420417676955955
KIAA1377,DLEU1,any
CDKN2B,KIAA1377,any
CDK4,CDC45,any
CDK4,CDKN2B,any
>TRAF1,6.86973862370347
CDKN2B,TRAF1,any
IKBKAP,CDKN2B,any
CDKN2B,CDK4,any
>TRAF1,6.9281024774431
TRAF1,CDKN2B,any
CDKN2B,MYC,any
CDKN2B,CDK4,any
>TRAF1,6.954568736951435
CDKN2B,TRAF1,any
CDKN2B,CDK6,any
CDKN2B,CDK4,any
>TRAF1,6.945688968392264
TRAF1,CDKN2B,any
TRAF1,PPP1R13B,any
CDKN2B,CDK4,any
>TRAF1,7.803845850757048
CDKN2B,TRAF1,any
RB1,CDK4,any
CDK4,CDKN2B,any
>ANXA7,6.954568736951435
CDK4,ANXA7,any
CDKN2B,CDK6,any
CDK4,CDKN2B,any
>ANXA7,6.989755533027512
ANXA7,CDK4,any
ATP6V1A,ANXA7,any
CDK4,CDKN2A,any
>ANXA7,6.950948472281881
FAF1,ANXA7,any
ANXA7,CDK4,any
CDK4,CDKN2A,any
>ANXA7,7.001504609031037
COL4A2,ANXA7,any
ANXA7,CDK4,any
CDK4,CDKN2A,any
>ANXA7,7.053959590644373
ANXA7,CDK4,any
CDK4,CDKN2A,any
WDR18,ANXA7,any
>MCM7,6.918577087065059
MCM7,CDK4,any
MCM7,MCM2,any
MCM2,CDKN2A,any
>MCM7,6.9403417386096
CDK4,MCM7,any
CDKN2A,CDK6,any
CDKN2A,CDK4,any
>MCM7,6.9474863259246105
CDK6,MCM7,any
CDK6,CDKN2B,any
CDKN2B,CDK4,any
>MCM7,6.921048317107494
MCM7,CDK4,any
CDKN2B,MYC,any
CDK4,CDKN2B,any
>MCM7,7.796769117021823
MCM7,CDK4,any
CDK4,RB1,any
CDK4,CDKN2B,any
>CHGB,6.925510841569284
CHGB,ANXA7,any
ANXA7,CDK4,any
CDK4,CDKN2A,any
>CHGB,5.835116103362299
CHGB,CDKN1A,any
CDK6,CDKN2A,any
CDKN2A,CDK4,any
CDKN1A,CDK6,any
>CHGB,6.862717922066403
ANXA7,CHGB,any
CDK4,ANXA7,any
CDKN2B,CDK4,any
>CHGB,6.293698398406346
PTEN,TP53,any
TP53,MDM2,any
CHGB,PTEN,any
>CHGB,5.819681366160614
TK1,CDK4,any
CHGB,TK1,any
CDK4,MYC,any
CDK4,CDKN2B,any
>NIF3L1,6.931625352025763
FAM49B,NIF3L1,any
NIF3L1,CDKN2B,any
CDKN2B,CDK4,any
>NIF3L1,7.803845850757048
CDKN2B,NIF3L1,any
CDK4,RB1,any
CDK4,CDKN2B,any
>NIF3L1,6.954568736951435
CDKN2B,NIF3L1,any
CDK6,CDKN2B,any
CDKN2B,CDK4,any
>NIF3L1,6.9509282434020125
NIF3L1,CDKN2B,any
CDKN2C,CDK4,any
CDKN2C,NIF3L1,any
>NIF3L1,6.9439424891312855
CDKN2C,CDK4,any
CDK4,CDKN2A,any
CDKN2C,NIF3L1,any
>MET,6.9163419143868365
MET,TP53,any
RB1,CDK4,any
CDK4,CDKN2A,any
RB1,MET,any
>MET,6.373563530734528
MET,BCAR1,any
RB1,CDK4,any
CDK4,CDKN2B,any
RB1,MET,any
>MET,6.650212625484802
CDKN2C,CDK4,any
CDK4,RB1,any
CDK4,CDKN2A,any
RB1,MET,any
>MET,6.554295711684684
RB1,MYC,any
MYC,CDKN2B,any
RB1,MET,any
>MET,6.424708950172272
MET,PLAUR,any
RB1,CDK4,any
CDK4,CDKN2A,any
RB1,MET,any
>RB1,8.174195926025059
RB1,CDK4,any
CCNE1,RB1,any
CDK4,CDKN2A,any
>RB1,8.465634745958923
RB1,CDK4,any
CDK4,CDKN2A,any
RB1,TP53,any
>RB1,8.129004573854141
RB1,MYC,any
MYC,CDKN2B,any
CDKN2B,CDK4,any
>RB1,8.192426328901998
RB1,MYC,any
RB1,CDK4,any
CDK4,CDKN2A,any
>RB1,8.241917826303615
RB1,CDK4,any
CDKN2B,CDK6,any
CDK4,CDKN2B,any
>ZBTB17,6.9281024774431
CDKN2B,MYC,any
CDKN2B,ZBTB17,any
CDKN2B,CDK4,any
>ZBTB17,6.954568736951435
CDK6,CDKN2B,any
CDKN2B,ZBTB17,any
CDKN2B,CDK4,any
>ZBTB17,6.9509282434020125
CDKN2C,CDK4,any
CDKN2B,ZBTB17,any
CDK4,CDKN2B,any
>ZBTB17,6.991091951852288
MYC,CDK4,any
ZBTB17,MYC,any
CDK4,CDKN2A,any
>ZBTB17,7.803845850757048
CDK4,RB1,any
CDKN2B,ZBTB17,any
CDKN2B,CDK4,any
>PTEN,6.422781878559391
PTEN,TP53,any
PTEN,PIK3R1,any
PIK3R1,EGFR,any
>PTEN,6.451863844175736
PIK3C2B,PIK3CA,any
PIK3R1,PTEN,any
PIK3C2B,PIK3R1,any
>PTEN,6.3080774537248345
TP53,PTEN,any
SP1,TP53,any
SP1,CDKN2B,any
CCND2,SP1,any
>PTEN,6.496952887452958
DYRK2,TP53,any
TP53,PTEN,any
TP53,EGFR,any
>PTEN,6.901073679110276
TP53,CDKN2C,any
PTEN,TP53,any
CDKN2C,CDK4,any
>CDKN2A,8.115871688257377
RB1,ABL1,any
CDK4,RB1,any
CDK4,CDKN2A,any
>CDKN2A,8.174195926025059
RB1,CDK4,any
CCNE1,RB1,any
CDK4,CDKN2A,any
>CDKN2A,8.465634745958923
RB1,CDK4,any
CDK4,CDKN2A,any
RB1,TP53,any
>CDKN2A,8.192426328901998
RB1,MYC,any
RB1,CDK4,any
CDK4,CDKN2A,any
>CDKN2A,8.119026451421975
CDKN2C,TP53,any
CDKN2C,CDK4,any
CDK4,CDKN2A,any
>CAPNS1,7.8670337376014015
CAPNS1,CDK4,any
CDK4,RB1,any
CDK4,CDKN2A,any
>CAPNS1,6.954568736951435
CAPNS1,CDK4,any
CDKN2B,CDK6,any
CDK4,CDKN2B,any
>CAPNS1,6.991091951852288
CDK4,MYC,any
CAPNS1,CDK4,any
CDK4,CDKN2A,any
>CAPNS1,6.9509282434020125
CAPNS1,CDK4,any
CDK4,CDKN2C,any
CDK4,CDKN2B,any
>CAPNS1,7.803845850757048
CAPNS1,CDK4,any
CDK4,RB1,any
CDK4,CDKN2B,any
>CDC5L,6.991091951852288
CDK4,MYC,any
CDKN2A,CDC5L,any
CDK4,CDKN2A,any
>CDC5L,7.004970152868229
AKAP9,CDC5L,any
CDC5L,CDKN2A,any
CDKN2A,CDK4,any
>CDC5L,7.8670337376014015
CDK4,RB1,any
CDKN2A,CDC5L,any
CDKN2A,CDK4,any
>CDC5L,6.9730619037681825
SYNE1,CDC5L,any
CDC5L,CDKN2A,any
CDKN2A,CDK4,any
>CDC5L,7.008433036017997
PPP1R13B,CDC5L,any
CDC5L,CDKN2A,any
CDKN2A,CDK4,any
>IKBKAP,7.308122127544709
IKBKAP,CDKN2B,any
CDKN2B,CDK6,any
CDKN2B,CDK4,any
>IKBKAP,7.112145401539013
CCDC33,CDKN2B,any
CDKN2B,IKBKAP,any
CDKN2B,CDK4,any
>IKBKAP,7.3044816339952865
CDK4,CDKN2C,any
IKBKAP,CDKN2B,any
CDKN2B,CDK4,any
>IKBKAP,7.281655868036374
MYC,CDKN2B,any
CDKN2B,IKBKAP,any
CDKN2B,CDK4,any
>IKBKAP,8.041981255437442
RB1,CDK4,any
CDKN2B,IKBKAP,any
CDK4,CDKN2B,any
>MAX,7.186690854745942
CDKN2C,CDK4,any
CDKN2B,MAX,any
CDK4,CDKN2B,any
>MAX,7.183343080073418
CDK4,MAX,any
CDK6,CDKN2A,any
CDKN2A,CDK4,any
>MAX,7.227170783961326
CDK4,MAX,any
CDK4,MYC,any
CDKN2A,CDK4,any
>MAX,8.02975353730453
MAX,TP53,any
MAX,CDKN2B,any
CDKN2B,CDK4,any
>MAX,7.1903925192022635
CDK4,MAX,any
CDKN2B,CDK6,any
CDKN2B,CDK4,any
>TK1,6.925510841569284
TK1,CDK4,any
CDK4,CDKN2A,any
EXT2,TK1,any
>TK1,6.989755533027512
TK1,CDK4,any
CDK4,CDKN2A,any
ATP6V1A,TK1,any
>TK1,6.928973724719051
TK1,CDK4,any
CDK4,CDKN2A,any
FGB,TK1,any
>TK1,6.917917619404826
TK1,CDK4,any
CDK4,CDKN2A,any
TIAM2,TK1,any
>TK1,6.926962613524631
TK1,CDK4,any
CDK4,CDKN2B,any
ATP6V1A,TK1,any
>AURKB,5.204066435468469
TGFBR1,CDK4,any
TGFBR1,AURKB,any
TTPAL,TGFBR1,any
CDK4,CDKN2B,any
>AURKB,5.254261689569056
TGFBR1,CDK4,any
AURKB,TGFBR1,any
TGFBR1,SAMD8,any
CDK4,CDKN2A,any
>AURKB,6.505083044335587
TGFBR1,CDK4,any
AURKB,TGFBR1,any
CDK4,CDKN2B,any
>AURKB,5.376580602639085
TGFBR1,CDK6,any
AURKB,TGFBR1,any
CDK6,CDKN2B,any
>AURKB,5.531561660454107
CDK4,TGFBR1,any
TGFBR1,AURKB,any
MCM2,CDKN2A,any
CDKN2A,CDK4,any
>TP53,7.811817262923222
TRRAP,TP53,any
TRRAP,CDK4,any
CDK4,CDKN2A,any
>TP53,8.068300055122531
CDKN2C,TP53,any
CDK4,CDKN2C,any
CDKN2B,CDK4,any
>TP53,8.465634745958923
RB1,CDK4,any
CDK4,CDKN2A,any
RB1,TP53,any
>TP53,8.02975353730453
MAX,TP53,any
MAX,CDKN2B,any
CDKN2B,CDK4,any
>TP53,8.119026451421975
CDKN2C,TP53,any
CDKN2C,CDK4,any
CDK4,CDKN2A,any
>CCNA2,6.740308826612063
CCNA2,TP53,any
CCNA2,RB1,any
RB1,CDK4,any
CDK4,CDKN2B,any
>CCNA2,6.578880562706994
E2F1,CDK4,any
CCNA2,E2F1,any
CDK4,CDKN2A,any
>CCNA2,6.7725077967671385
CCNA2,RB1,any
RB1,CDK4,any
CDK4,CDKN2A,any
RB1,TP53,any
>CCNA2,6.288045532666532
CDK4,MCM7,any
RB1,CCNA2,any
RB1,CDK4,any
CDK4,CDKN2A,any
>CCNA2,7.803845850757048
CCNA2,RB1,any
RB1,CDK4,any
CDK4,CDKN2B,any
>OTUD5,6.516185233110196
ARPC3,CDKN2B,any
OTUD5,ARPC3,any
CDKN2B,CDK4,any
>OTUD5,5.56074259472161
ARPC3,CDKN2B,any
CDK4,CDKN2C,any
OTUD5,ARPC3,any
CDKN2B,CDK4,any
>OTUD5,5.54248198195448
ARPC3,CDKN2B,any
OTUD5,ARPC3,any
CDKN2B,MYC,any
CDKN2B,CDK4,any
>OTUD5,5.563654989561148
CDKN2B,ARPC3,any
ARPC3,OTUD5,any
CDK6,CDKN2B,any
CDKN2B,CDK4,any
>OTUD5,6.243076680605638
ARPC3,CDKN2B,any
OTUD5,ARPC3,any
CDK4,RB1,any
CDKN2B,CDK4,any
>MAPK6,5.212948186488157
ARPC3,MAPK6,any
ARPC3,CDKN2B,any
OTUD5,ARPC3,any
CDKN2B,CDK4,any
>MAPK6,5.410141013200035
ARPC3,MAPK6,any
ARPC3,CDKN2B,any
CETP,ARPC3,any
CDKN2B,CDK4,any
>MAPK6,5.5453002816206105
FAM49B,NIF3L1,any
FAM49B,MAPK6,any
NIF3L1,CDKN2B,any
CDKN2B,CDK4,any
>MAPK6,5.269178678910213
MCM3,MCM2,any
MCM2,CDKN2A,any
MCM3,MAPK6,any
>MAPK6,6.516185233110196
ARPC3,MAPK6,any
CDKN2B,ARPC3,any
CDKN2B,CDK4,any
>CCT5,6.476745376230769
CCT5,TP53,any
IKBKAP,CDKN2B,any
CCT5,IKBKAP,any
>CCT5,6.86973862370347
IKBKAP,CDKN2B,any
IKBKAP,CCT5,any
CDKN2B,CDK4,any
>CCT5,5.825324694429099
CDKN2B,MYC,any
IKBKAP,CDKN2B,any
IKBKAP,CCT5,any
CDKN2B,CDK4,any
>CCT5,6.42592699698439
CCT5,TP53,any
CDKN2B,IKBKAP,any
IKBKAP,CCT5,any
CDKN2B,CDK4,any
>CCT5,5.846497702035768
IKBKAP,CDKN2B,any
CDKN2B,CDK6,any
CCT5,IKBKAP,any
CDKN2B,CDK4,any
>AR,6.94732945317177
CDK6,AR,any
CDK6,CDKN2A,any
CDKN2A,CDK4,any
>AR,6.578880562706994
CCND3,AR,any
CCND3,CDK4,any
CDK4,CDKN2A,any
>AR,6.593534261042892
CDK6,AR,any
CDK4,RB1,any
CDK6,CDKN2B,any
CDKN2B,CDK4,any
>AR,6.954568736951435
CDK6,AR,any
CDK6,CDKN2B,any
CDKN2B,CDK4,any
>AR,6.698104743786288
AR,CDK6,any
MDM2,AR,any
CDK6,CDKN2B,any
>SMAD3,6.942177233365348
SVEP1,SMAD3,any
SMAD3,CDKN2B,any
CDKN2B,CDK4,any
>SMAD3,6.9281024774431
CDKN2B,SMAD3,any
MYC,CDK4,any
CDK4,CDKN2B,any
>SMAD3,6.866229657093318
CYP11A1,SMAD3,any
SMAD3,CDKN2B,any
CDKN2B,CDK4,any
>SMAD3,6.86973862370347
CDKN2B,SMAD3,any
CDKN2B,IKBKAP,any
CDKN2B,CDK4,any
>SMAD3,6.954568736951435
CDKN2B,SMAD3,any
CDKN2B,CDK6,any
CDKN2B,CDK4,any
>CENPH,6.06201920231798
COPS6,PTEN,any
CENPH,COPS6,any
MTAP,CENPH,any
>CENPH,5.301162633521313
GIT1,PIK3CA,any
CENPH,GIT1,any
MTAP,CENPH,any
>CENPH,5.30523856391807
CENPH,KIAA1377,any
KIAA1377,BRD1,any
MTAP,CENPH,any
>CENPH,6.758592010945739
KIAA1377,CENPH,any
KIAA1377,CDKN2B,any
CDKN2B,CDK4,any
>CENPH,5.5432654410400986
KIAA1377,CENPH,any
KIAA1377,CDKN2B,any
ATRX,KIAA1377,any
>PDGFRB,5.6815329388482585
PTEN,TP53,any
PTEN,PIK3CA,any
PTEN,PDGFRB,any
>PDGFRB,5.557633364538965
PTEN,TP53,any
PTEN,PIK3R1,any
PTEN,PDGFRB,any
>PDGFRB,5.7700805920229055
MYC,MAX,any
PDGFRB,MYC,any
MYC,CDK4,any
CDK4,CDKN2A,any
>PDGFRB,5.631459799619383
PTEN,PIK3R1,any
PTEN,PIK3CA,any
PTEN,PDGFRB,any
>PDGFRB,6.113534978770194
MAX,CDKN2B,any
PDGFRB,PTEN,any
PDGFRB,MAX,any
>EGFR,6.422781878559391
PTEN,TP53,any
PTEN,PIK3R1,any
PIK3R1,EGFR,any
>EGFR,6.224224035239914
MAX,CDK4,any
ITGB4,EGFR,any
CDK4,CDKN2A,any
MAX,ITGB4,any
>EGFR,7.146682462543847
MDM2,MDM4,any
MDM2,TP53,any
TP53,EGFR,any
>EGFR,6.496952887452958
DYRK2,TP53,any
TP53,PTEN,any
TP53,EGFR,any
>EGFR,6.273504409449217
TRRAP,TP53,any
TRRAP,CDK4,any
TP53,EGFR,any
>ATXN1,5.840706275012035
SYBU,ATXN1,any
ATXN1,CDK6,any
CDK6,CDKN2A,any
CDKN2A,CDK4,any
>ATXN1,6.954568736951435
CDK6,ATXN1,any
CDK6,CDKN2B,any
CDKN2B,CDK4,any
>ATXN1,5.846497702035768
ATXN1,SYBU,any
CDK6,ATXN1,any
CDKN2B,CDK6,any
CDK4,CDKN2B,any
>ATXN1,6.94732945317177
ATXN1,CDK6,any
CDK6,CDKN2A,any
CDKN2A,CDK4,any
>ATXN1,5.893039970793174
ATXN1,CDK6,any
CDK4,MYC,any
CDK6,CDKN2B,any
CDKN2B,CDK4,any
>ATR,5.424830226408159
BRCA1,MYC,any
ATR,TP53,any
MYC,CDKN2B,any
ATR,BRCA1,any
>ATR,5.375360809244178
TP53,MET,any
TP53,MDM2,any
ATR,TP53,any
>ATR,5.397950935576607
CHEK1,ATR,any
SMAD4,CDKN2B,any
CHEK1,SMAD4,any
CDKN2B,CDK4,any
>ATR,6.216074548487035
TP53,SP1,any
ATR,TP53,any
SP1,CDKN2B,any
>ATR,5.355571327811119
CDKN2C,TP53,any
TP53,ATR,any
ATR,MDM2,any
>MTAP,6.06201920231798
COPS6,PTEN,any
CENPH,COPS6,any
MTAP,CENPH,any
>MTAP,5.301162633521313
GIT1,PIK3CA,any
CENPH,GIT1,any
MTAP,CENPH,any
>MTAP,5.18527655214344
CENPH,KIAA1377,any
KIAA1377,FGFR3,any
MTAP,CENPH,any
>MTAP,5.145336095940361
GIT1,PIK3R1,any
CENPH,GIT1,any
MTAP,CENPH,any
>MTAP,5.30523856391807
CENPH,KIAA1377,any
KIAA1377,BRD1,any
MTAP,CENPH,any
>DYRK2,5.865517299166538
DYRK2,TP53,any
TP53,PTEN,any
TP53,MYC,any
>DYRK2,5.779149952107362
DYRK2,TP53,any
NIF3L1,CDKN2B,any
RAD54B,DYRK2,any
RAD54B,NIF3L1,any
>DYRK2,5.550231420796814
NIF3L1,CDKN2B,any
RAD54B,DYRK2,any
RAD54B,NIF3L1,any
>DYRK2,6.496952887452958
DYRK2,TP53,any
TP53,PTEN,any
TP53,EGFR,any
>DYRK2,5.625029408382962
TP53,DYRK2,any
TP53,PTEN,any
BCL2L14,TP53,any
>SUPT3H,6.921048317107494
SUPT3H,CDK4,any
MYC,CDKN2B,any
SUPT3H,MYC,any
>SUPT3H,6.918577087065059
MCM2,CDKN2A,any
CDK4,SUPT3H,any
CDKN2A,CDK4,any
>SUPT3H,7.860056915833164
CDK4,RB1,any
SUPT3H,CDK4,any
CDK4,CDKN2A,any
>SUPT3H,6.9403417386096
CDKN2A,CDK6,any
CDK4,SUPT3H,any
CDKN2A,CDK4,any
>SUPT3H,6.924027326916625
SUPT3H,CCND2,any
SUPT3H,CDK4,any
CDK4,CDKN2A,any
>MCM3,7.279064232162558
MCM2,MCM3,any
CDK4,MCM2,any
MCM2,CDKN2A,any
>MCM3,6.932433953300268
MCM3,ORC5,any
CDKN2A,CDK4,any
ORC5,CDKN2A,any
>MCM3,7.178973724719051
MCM5,CDKN2A,any
CDKN2A,CDK4,any
MCM5,MCM3,any
>MCM3,6.233076928331877
MCM5,CDKN2A,any
CDKN2A,CDK4,any
MCM3,TFDP1,any
MCM3,MCM5,any
>MCM3,6.862717922066403
MCM7,CDK4,any
MCM7,MCM3,any
CDK4,CDKN2B,any
>MDM2,6.482027019020195
YY1,CDC6,any
CDC6,CDKN2A,any
YY1,MDM2,any
>MDM2,7.146682462543847
MDM2,MDM4,any
MDM2,TP53,any
TP53,EGFR,any
>MDM2,7.0220202105375105
TRRAP,CDK4,any
TRRAP,MDM2,any
CDK4,CDKN2A,any
>MDM2,6.293698398406346
PTEN,TP53,any
TP53,MDM2,any
CHGB,PTEN,any
>MDM2,6.698104743786288
AR,CDK6,any
MDM2,AR,any
CDK6,CDKN2B,any
>ARPC3,6.762676266500044
ARPC3,CDKN2B,any
CETP,ARPC3,any
CDKN2B,CDK4,any
>ARPC3,6.9281024774431
CDKN2B,ARPC3,any
MYC,CDK4,any
CDK4,CDKN2B,any
>ARPC3,6.86973862370347
CDKN2B,ARPC3,any
CDKN2B,IKBKAP,any
CDKN2B,CDK4,any
>ARPC3,6.954568736951435
CDKN2B,ARPC3,any
CDKN2B,CDK6,any
CDK4,CDKN2B,any
>ARPC3,6.934584011200891
NRIP1,ARPC3,any
ARPC3,CDKN2B,any
CDKN2B,CDK4,any
>YY1,6.1772680322664275
TP53,EGFR,any
YY1,MDM2,any
YY1,TP53,any
>YY1,6.482027019020195
YY1,CDC6,any
CDC6,CDKN2A,any
YY1,MDM2,any
>YY1,6.512545546964894
YY1,CDC6,any
CDC6,CDKN2A,any
YY1,TP53,any
>YY1,5.817704382126666
CDC6,MCM2,any
YY1,CDC6,any
CDC6,CDKN2A,any
CDKN2A,CDK4,any
>YY1,6.925510841569284
YY1,CDC6,any
CDC6,CDKN2A,any
CDKN2A,CDK4,any
>CTNNB1,5.530310286081906
CTNNB1,MYC,any
CDX4,CTNNB1,any
MYC,CDKN2B,any
CDKN2B,CDK4,any
>CTNNB1,5.8799970248769196
MYC,CDK4,any
CTNNB1,MYC,any
MYC,CDKN2B,any
ACTN1,CTNNB1,any
>CTNNB1,5.464165651266747
CHD8,CTNNB1,any
CTNNB1,MYC,any
MYC,CDKN2B,any
>CTNNB1,5.524168805179024
TRRAP,CDK4,any
TRRAP,CTNNB1,any
CDK4,MYC,any
CDK4,CDKN2B,any
>CTNNB1,5.544206137724527
TRRAP,CDK4,any
TRRAP,CTNNB1,any
CDK4,CDKN2C,any
CDK4,CDKN2B,any
>BRCA1,7.274601707700768
BRCA1,MYC,any
MYC,CDK4,any
CDK4,CDKN2B,any
>BRCA1,7.0986431661441545
MAX,CDK4,any
BRCA1,MAX,any
CDK4,CDKN2B,any
>BRCA1,7.161632640553342
MAX,CDK4,any
BRCA1,MAX,any
CDK4,CDKN2A,any
>BRCA1,6.01078174909472
GCN1L1,MYC,any
MYC,BRCA1,any
MYC,CDK4,any
MYC,CDKN2B,any
>BRCA1,6.029472521754018
MAX,CDK4,any
BRCA1,MAX,any
MAX,CDKN2B,any
CDKN2B,CDK6,any
>KIAA1377,7.196890034322914
CDKN2B,KIAA1377,any
CDK6,CDKN2B,any
CDKN2B,CDK4,any
>KIAA1377,8.04625262859259
CDKN2B,KIAA1377,any
RB1,CDK4,any
CDK4,CDKN2B,any
>KIAA1377,7.272388644524671
KIAA1377,CDKN2B,any
ATRX,KIAA1377,any
CDKN2B,CDK4,any
>KIAA1377,7.355693159784671
KIAA1377,CDKN2B,any
BRD1,KIAA1377,any
CDKN2B,CDK4,any
>KIAA1377,7.2186995904548485
KIAA1377,CDKN2B,any
CDKN2B,CDK4,any
FGFR3,KIAA1377,any
>TFDP1,6.785762370605717
TFDP1,TP53,any
TFDP1,CEBPB,any
CEBPB,CDKN2B,any
>TFDP1,6.667409952409829
TFDP1,RB1,any
TFDP1,MYC,any
MYC,CDKN2B,any
>TFDP1,6.655491894531562
TP53,TFDP1,any
TRRAP,TP53,any
TRRAP,CDK4,any
CDK4,CDKN2B,any
>TFDP1,7.128557668805991
TFDP1,CEBPB,any
CEBPB,CDKN2B,any
CDKN2B,CDK4,any
>TFDP1,6.731348909325395
RB1,TFDP1,any
RB1,DNMT1,any
CDK4,RB1,any
CDK4,CDKN2A,any
>E2F7,5.557863562537416
E2F7,CDC6,any
CDC6,CDKN2A,any
CDKN2A,CDK6,any
CDKN2A,CDK4,any
>E2F7,6.578880562706994
E2F7,CDC6,any
CDC6,CDKN2A,any
CDKN2A,CDK4,any
>E2F7,5.545947162640214
E2F7,CDC6,any
CDC6,CDKN2A,any
CDC6,MCM3,any
CDKN2A,CDK4,any
>E2F7,6.293626990081121
E2F7,CDC6,any
CDC6,CDKN2A,any
CDK4,RB1,any
CDKN2A,CDK4,any
>E2F7,5.555153991305028
E2F7,CDC6,any
CDK4,CDKN2C,any
CDC6,CDKN2A,any
CDKN2A,CDK4,any
>TGFA,5.2741056052907975
TGFA,TP53,any
TGFA,EGFR,any
EGFR,MAPK8IP2,any
>TGFA,6.125431757966912
TP53,PTEN,any
TGFA,TP53,any
TGFA,EGFR,any
>TGFA,5.208032209728117
PTEN,TP53,any
TP53,POU4F2,any
TP53,TGFA,any
>TGFA,5.429218120903769
TP53,MYC,any
MYC,CDK4,any
TGFA,TP53,any
TGFA,EGFR,any
>TGFA,5.281142846178351
TP53,PTEN,any
PTEN,PIK3R1,any
TGFA,TP53,any
>TGFBR1,6.91698357920393
CDK4,TGFBR1,any
CDKN2B,MYC,any
CDK4,CDKN2B,any
>TGFBR1,6.943350249839688
CDK6,TGFBR1,any
CDKN2B,CDK6,any
CDKN2B,CDK4,any
>TGFBR1,6.9361582580507894
CDK6,TGFBR1,any
CDKN2A,CDK6,any
CDKN2A,CDK4,any
>TGFBR1,7.8559534629688965
CDK4,TGFBR1,any
RB1,CDK4,any
CDK4,CDKN2A,any
>TGFBR1,6.980022481439449
CDK4,TGFBR1,any
CDK4,MYC,any
CDKN2A,CDK4,any
>COPS6,6.06201920231798
COPS6,PTEN,any
CENPH,COPS6,any
MTAP,CENPH,any
>COPS6,6.9439424891312855
CDKN2C,COPS6,any
CDKN2C,CDK4,any
CDK4,CDKN2A,any
>COPS6,5.849388660246919
CDKN2C,COPS6,any
CDKN2C,CDK4,any
CDK4,CDKN2A,any
CDKN2C,CDK6,any
>COPS6,5.822973974588374
COPS6,CDKN2C,any
CDKN2C,CDK4,any
SERPINA5,COPS6,any
CDK4,CDKN2A,any
>COPS6,6.9509282434020125
CDKN2C,COPS6,any
CDKN2C,CDK4,any
CDK4,CDKN2B,any
>ATP5B,6.94732945317177
ATP5B,CDK4,any
CDKN2A,CDK6,any
CDK4,CDKN2A,any
>ATP5B,6.9439424891312855
CDK4,CDKN2C,any
ATP5B,CDK4,any
CDK4,CDKN2A,any
>ATP5B,6.954568736951435
CDK4,ATP5B,any
CDKN2B,CDK6,any
CDK4,CDKN2B,any
>ATP5B,6.991091951852288
CDK4,MYC,any
ATP5B,CDK4,any
CDK4,CDKN2A,any
>ATP5B,7.803845850757048
CDK4,ATP5B,any
CDK4,RB1,any
CDK4,CDKN2B,any
>USP7,5.682532646757847
MDM4,MDM2,any
MDM2,USP7,any
MDM2,TP53,any
>USP7,5.166358923521469
PEG3,USP7,any
USP7,TP53,any
TP53,MAX,any
MAX,CDKN2B,any
>USP7,5.166031937843202
USP7,MDM2,any
MDM2,TRRAP,any
MYC,CDKN2B,any
TRRAP,MYC,any
>USP7,4.988216262821743
TP53,SP1,any
USP7,TP53,any
USP7,HTRA2,any
SP1,CDKN2B,any
>USP7,5.0285718928893814
MDM4,MDM2,any
MDM2,USP7,any
MDM2,TP53,any
MDM2,RPL5,any
>KLHL9,5.370405950439412
INCENP,CCNB1,any
INCENP,KLHL9,any
CCNB1,TP53,any
>KLHL9,4.9565815904628545
KLHL13,BIRC5,any
KLHL13,KLHL9,any
BIRC5,MYC,any
MYC,CDK4,any
>KLHL9,4.958142634025368
PSMA3,CDK6,any
PSMA3,KLHL9,any
CDK6,CDKN2C,any
>KLHL9,5.1278895167079686
AURKA,BIRC5,any
BIRC5,KLHL9,any
AURKA,TP53,any
>KLHL9,5.136393942724021
INCENP,CTNNB1,any
CTNNB1,EGFR,any
EGFR,TP53,any
INCENP,KLHL9,any
>CEBPB,6.949197935002416
CEBPB,BCL6,any
CDKN2B,CEBPB,any
CDK4,CDKN2B,any
>CEBPB,6.9281024774431
CDKN2B,MYC,any
CDKN2B,CEBPB,any
CDKN2B,CDK4,any
>CEBPB,7.128557668805991
TFDP1,CEBPB,any
CEBPB,CDKN2B,any
CDKN2B,CDK4,any
>CEBPB,7.803845850757048
CDK4,RB1,any
CEBPB,CDKN2B,any
CDKN2B,CDK4,any
>CEBPB,6.954568736951435
CDKN2B,CDK6,any
CEBPB,CDKN2B,any
CDKN2B,CDK4,any
>E2F1,6.94732945317177
CDK4,E2F1,any
CDKN2A,CDK6,any
CDKN2A,CDK4,any
>E2F1,6.9509282434020125
CDKN2C,CDK4,any
CDKN2C,E2F1,any
CDK4,CDKN2B,any
>E2F1,6.9439424891312855
CDK4,E2F1,any
CDKN2C,CDK4,any
CDK4,CDKN2A,any
>E2F1,6.932433953300268
E2F1,CDK4,any
CDK4,CDKN2A,any
WASF1,E2F1,any
>E2F1,6.954568736951435
CDK4,E2F1,any
CDKN2B,CDK6,any
CDKN2B,CDK4,any
>MYC,7.362567490144952
CDK4,MYC,any
CDKN2C,CDK4,any
CDK4,CDKN2B,any
>MYC,8.129004573854141
RB1,MYC,any
MYC,CDKN2B,any
CDKN2B,CDK4,any
>MYC,7.366299963491468
CDKN2B,MYC,any
CDKN2B,CDK6,any
CDKN2B,CDK4,any
>MYC,8.192426328901998
RB1,MYC,any
RB1,CDK4,any
CDK4,CDKN2A,any
>MYC,7.424576801368388
MYC,CDK4,any
ZFP36L1,MYC,any
CDK4,CDKN2B,any
>CCND1,7.803845850757048
RB1,CCND1,any
RB1,CDK4,any
CDK4,CDKN2B,any
>CCND1,6.94732945317177
CDK6,CDKN2A,any
CDKN2A,CDK4,any
CDK6,CCND1,any
>CCND1,6.954568736951435
CCND1,CDK4,any
CDKN2B,CDK6,any
CDK6,CCND1,any
>CCND1,7.113343048965273
MAPK12,CCND1,any
CCND1,CDK4,any
CDK4,CDKN2B,any
>CCND1,6.9281024774431
CDK4,CCND1,any
CDKN2B,MYC,any
CDK4,CDKN2B,any
>ZBTB16,6.866229657093318
ZBTB16,CDK4,any
COQ6,ZBTB16,any
CDK4,CDKN2B,any
>ZBTB16,6.925510841569284
CDK4,ZBTB16,any
MCM2,CDKN2A,any
CDKN2A,CDK4,any
>ZBTB16,6.94732945317177
CDK4,ZBTB16,any
CDKN2A,CDK6,any
CDKN2A,CDK4,any
>ZBTB16,6.9281024774431
CDK4,ZBTB16,any
CDK4,MYC,any
CDK4,CDKN2B,any
>ZBTB16,6.862717922066403
CDK4,ZBTB16,any
CDK4,MCM2,any
CDK4,CDKN2B,any
>QARS,6.932663035981079
CDKN2A,CDK6,any
CDKN2A,CDK4,any
CDK4,QARS,any
>QARS,6.9134550949430364
CDK4,MYC,any
QARS,CDK4,any
CDK4,CDKN2B,any
>QARS,6.910983864900602
CDK4,MCM2,any
MCM2,CDKN2A,any
QARS,CDK4,any
>QARS,6.929304078134661
CDK4,CDKN2C,any
CDK4,CDKN2A,any
QARS,CDK4,any
>QARS,6.9398076232960895
CDKN2B,CDK6,any
CDK4,QARS,any
CDK4,CDKN2B,any
>SH2D1A,5.446654152877832
PTEN,TP53,any
PTEN,PIK3CA,any
TP53,SH2D1A,any
>SH2D1A,6.235270328527179
SP1,TP53,any
SP1,CDKN2B,any
TP53,SH2D1A,any
>SH2D1A,4.993140082112423
EGFR,PIK3R1,any
SH2D1A,EGFR,any
SH2D1A,TP53,any
>SH2D1A,5.005816402330368
TP53,PTEN,any
SH2D1A,TNK2,any
SH2D1A,EGFR,any
SH2D1A,TP53,any
>SH2D1A,4.9969424026966704
SH2D1A,EGFR,any
TP53,RB1,any
SH2D1A,TP53,any
>CDKN2C,7.388713507269792
CDKN2C,CDK4,any
CDK4,CDKN2B,any
CDKN2C,CDK6,any
>CDKN2C,8.068300055122531
CDKN2C,TP53,any
CDK4,CDKN2C,any
CDKN2B,CDK4,any
>CDKN2C,7.362567490144952
CDK4,MYC,any
CDKN2C,CDK4,any
CDK4,CDKN2B,any
>CDKN2C,8.119026451421975
CDKN2C,TP53,any
CDKN2C,CDK4,any
CDK4,CDKN2A,any
>CDKN2C,7.3558708510907405
CDK4,MYC,any
CDKN2C,CDK4,any
CDK4,CDKN2A,any
>PSMA3,5.840831773214307
CDK6,PSMA3,any
MCM2,CDK4,any
CDK6,CDKN2B,any
CDK6,MCM2,any
>PSMA3,6.94732945317177
CDK6,PSMA3,any
CDK6,CDKN2A,any
CDKN2A,CDK4,any
>PSMA3,5.893039970793174
CDK6,PSMA3,any
MYC,CDK4,any
CDKN2B,MYC,any
CDK6,CDKN2B,any
>PSMA3,6.954568736951435
PSMA3,CDK6,any
CDK6,CDKN2B,any
CDKN2B,CDK4,any
>PSMA3,5.835116103362299
PSMA3,CDK6,any
MCM2,CDK4,any
CDK6,CDKN2A,any
CDK6,MCM2,any
